id,brand,line,format,life_stage,breed_size,primary_proteins,grain_free,ingredients,allergen_tags,protein_pct,fat_pct,ash_pct,fiber_pct,moisture_pct,calcium_pct,phosphorus_pct,omega_6_fatty_acids,omega_3_fatty_acids,DHA,EPA,kcal_per_cup,kcal_per_kg,kibble_size,tags,size_kg,price,price_per_kg,retailer,image,source_url,updated_at
Orijen-Large-Breed-Adult,Orijen,Large Breed Adult Recipe,dry,adult,large,"Chicken, Turkey, Salmon, Herring",TRUE,"fresh chicken, fresh chicken giblets, liver, heart, gizzard, raw turkey, raw salmon, raw whole herring, dehydrated chicken, dehydrated pollock, dehydrated sardine, dehydrated turkey, dehydrated herring, whole red lentils, whole peas, lentil fibre, raw turkey liver, fresh eggs, whole green lentils, whole chickpeas, whole pinto beans, whole navy beans, dried apple fibre, whitefish oil, chicken fat, dehydrated chicken liver, dried kelp, fresh whole pumpkin, fresh whole butternut squash, fresh whole carrots, fresh whole apples, fresh whole pears, fresh whole zucchini, dried chicory root, fresh kale, fresh spinach, fresh turnip greens, fresh beet greens, whole cranberries, whole blueberries, whole saskatoon berries, turmeric, milk thistle, burdock root, lavender, marshmallow root, rosehips","chicken, turkey, fish, eggs",38,15,8,6,12,1.5,1.1,2,0.8,0.3,0.2,482,3710,large,"high-protein, adult, large, dry",11.4,122.99,10.79,pv,https://www.orijenpetfoods.com/dw/image/v2/BFDW_PRD/on/demandware.static/-/Sites-orijen-na-master-catalog/en_CA/dw2d98491e/ORIJEN%20Dog%20Domestic%202022/Large%20Breed%202024/ORIJEN%20Dog%20Large%20Breed%20Adult%2011.4kg%20Front%20Canada.png?sw=450,https://www.petvalu.ca/product/orijen-large-breed-adult-dog-food/FCM07541,2025-08-10
Orijen-Original-Adult,Orijen,Original Adult Recipe,dry,adult,all,"Chicken, Turkey, Salmon, Herring",TRUE,"fresh chicken, raw turkey, fresh chicken giblets, liver, heart, raw whole herring, raw whole hake, fresh eggs, raw turkey liver, dehydrated chicken, dehydrated turkey, dehydrated mackerel, dehydrated sardine, dehydrated herring, whole red lentils, whole chickpeas, whole peas, chicken fat, whole green lentils, whole pinto beans, whole navy beans, lentil fibre, pollock oil, pea starch, dried kelp, fresh whole pumpkin, fresh whole butternut squash, fresh whole zucchini, fresh whole carrots, fresh whole apples, fresh whole pears, dried chicory root, fresh kale, fresh spinach, fresh beet greens, fresh turnip greens, whole cranberries, whole blueberries, whole saskatoon berries, turmeric, milk thistle, burdock root, lavender, marshmallow root, rosehips","chicken, turkey, fish, eggs",38,18,9,5,12,1.4,1.1,3,1,0.3,0.2,463,3860,regular,"high-protein, adult, dry, regular",11.4,112.99,9.91,pv,https://www.orijenpetfoods.com/dw/image/v2/BFDW_PRD/on/demandware.static/-/Sites-orijen-na-master-catalog/en_CA/dw917760c9/ORIJEN%20Dog%20Domestic%202022/ORI%20Original%20Dog%20Carousel%201000x10002.png?sw=450,https://www.petvalu.ca/product/orijen-original-dog-food/FCM04364,2025-08-10
Orijen-Six-Fish-Adult,Orijen,Six Fish Adult Recipe,dry,adult,all,"Pilchard, Mackerel, Hake, Flounder, Rockfish, Sole",TRUE,"raw whole pilchard, raw whole mackerel, raw whole hake, raw flounder, raw whole rockfish, raw whole sole, dehydrated mackerel, dehydrated herring, dehydrated pollock, dehydrated sardine, dehydrated blue whiting, herring oil, whole red lentils, whole peas, whole chickpeas, whole green lentils, lentil fibre, whole pinto beans, pea starch, sunflower oil, dried kelp, fresh whole pumpkin, fresh whole butternut squash, fresh whole zucchini, fresh whole carrots, fresh whole apples, fresh whole pears, dried chicory root, fresh kale, fresh spinach, fresh beet greens, fresh turnip greens, whole cranberries, whole blueberries, whole saskatoon berries, turmeric, milk thistle, burdock root, lavender, marshmallow root, rosehips","fish, legumes, sunflower",38,18,8.5,5,12,1.5,1.1,2.1,2.1,0.7,0.5,466,3880,regular,"high-protein, adult, dry, regular",11.4,127.99,11.23,pv,https://www.orijenpetfoods.com/dw/image/v2/BFDW_PRD/on/demandware.static/-/Sites-orijen-na-master-catalog/en_CA/dw343a7b14/ORIJEN%20Dog%20Domestic%202022/ORI%20Six%20Fish%20Dog%20Carousel%201000x10002.png?sw=450,https://www.petvalu.ca/product/orijen-six-fish-dog-food/FCM04365,2025-08-18
Orijen-Regional-Red-Adult,Orijen,Regional Red Adult Recipe,dry,adult,all,"Beef, Lamb, Pork, Salmon",TRUE,"raw beef, raw lamb, raw pork, raw beef liver, raw salmon, raw pork liver, fresh eggs, dehydrated lamb, dehydrated beef, dehydrated herring, whole red lentils, whole pinto beans, dehydrated pork, dehydrated sardine, whole green lentils, whole chickpeas, whole navy beans, lentil fibre, beef fat, whitefish oil, raw lamb liver, raw beef kidney, raw beef tripe, raw lamb kidney, raw lamb tripe, dried kelp, fresh whole pumpkin, fresh whole butternut squash, fresh whole zucchini, fresh whole carrots, fresh whole apples, fresh whole pears, dried chicory root, fresh kale, fresh spinach, fresh beet greens, fresh turnip greens, whole cranberries, whole blueberries, whole saskatoon berries, turmeric, milk thistle, burdock root, lavender, marshmallow root, rosehips","beef, lamb, pork, fish, eggs, legumes",38,18,9,5,12,1.8,1.2,1.5,1,0.3,0.35,483,3860,regular,"high-protein, adult, dry, regular",11.4,127.99,11.23,pv,https://www.orijenpetfoods.com/dw/image/v2/BFDW_PRD/on/demandware.static/-/Sites-orijen-na-master-catalog/en_CA/dw1be55a79/ORIJEN%20Dog%20Domestic%202022/Regional%20Red%202024/ORIJEN%20Dog%20Regional%20Red%20Updated%206kg%20Front%20Right%20Canada%20English.png?sw=450,https://www.petvalu.ca/product/orijen-regional-red-dog-food/FCM04366,2025-08-18
Orijen-Tundra-Adult,Orijen,Tundra Adult Recipe,dry,adult,all,"Lamb, Venison, Duck, Arctic Char, Pilchard",TRUE,"raw lamb, raw venison, raw duck, raw arctic char, raw whole pilchard, raw pork, raw duck liver, raw lamb liver, fresh eggs, dehydrated lamb, dehydrated whitefish, dehydrated blue whiting, dehydrated mutton, dehydrated herring, dehydrated mackerel, raw goat, raw pork liver, whole green lentils, whole chickpeas, whole peas, raw steelhead trout, pork fat, whole red lentils, whole pinto beans, lentil fibre, pollock oil, whole navy beans, pea starch, raw lamb kidney, raw lamb tripe, dried kelp, fresh whole pumpkin, fresh whole butternut squash, fresh whole zucchini, fresh whole carrots, fresh whole apples, fresh whole pears, dried chicory root, fresh kale, fresh spinach, fresh beet greens, fresh turnip greens, whole cranberries, whole blueberries, whole saskatoon berries, turmeric, milk thistle, burdock root, lavender, marshmallow root, rosehips","lamb, venison, duck, fish, pork, goat, eggs, legumes",40,18,9,5,12,1.8,1.3,2.5,1,0.35,0.2,463,3860,regular,"high-protein, adult, dry, regular",11.4,167.99,14.74,pv,https://www.orijenpetfoods.com/dw/image/v2/BFDW_PRD/on/demandware.static/-/Sites-orijen-na-master-catalog/en_CA/dwbd9be1c3/Tundra%20Dog/Tundra%20(1).png?sw=450,https://www.petvalu.ca/product/orijen-tundra-dog-food/FCM01724,2025-08-18
Orijen-Fit-Trim-Adult,Orijen,Fit & Trim Adult Recipe,dry,adult,all,"Chicken, Herring, Turkey, Hake",TRUE,"fresh chicken, raw whole herring, raw turkey, fresh chicken giblets, liver, heart, raw whole hake, raw whole mackerel, fresh eggs, dehydrated chicken, dehydrated mackerel, dehydrated sardine, dehydrated herring, dehydrated turkey, dehydrated whitefish, lentil fibre, whole pinto beans, whole navy beans, whole chickpeas, whole red lentils, whole green lentils, whole peas, pea starch, raw turkey liver, chicken fat, apple fibre, algae, dried kelp, fresh whole pumpkin, fresh whole butternut squash, fresh whole zucchini, fresh whole carrots, fresh whole apples, fresh whole pears, dried chicory root, fresh kale, fresh spinach, fresh beet greens, fresh turnip greens, whole cranberries, whole blueberries, whole saskatoon berries, turmeric, milk thistle, burdock root, lavender, marshmallow root, rosehips","chicken, turkey, fish, eggs, legumes",40,13,8,8,12,1.4,1.1,2.2,0.9,0.25,0.15,425,3530,regular,"low-fat, weight-management, adult, dry, regular",11.4,117.99,10.35,pv,https://www.orijenpetfoods.com/dw/image/v2/BFDW_PRD/on/demandware.static/-/Sites-orijen-na-master-catalog/en_CA/dwa2919e6f/ORIJEN%20Dog%20Domestic%202022/ORI%20Fit_Trim%20Dog%20Carousel%201000x10002.png?sw=450,https://www.petvalu.ca/product/orijen-fit-trim-dog-food/FCM04367,2025-08-18
Orijen-Senior,Orijen,Senior Recipe,dry,senior,all,"Chicken, Turkey, Herring, Hake",TRUE,"fresh chicken, raw turkey, fresh chicken giblets, liver, heart, raw whole herring, raw whole hake, fresh eggs, raw turkey liver, dehydrated chicken, dehydrated turkey, dehydrated mackerel, dehydrated sardine, dehydrated herring, whole red lentils, whole green lentils, whole peas, lentil fibre, whole chickpeas, whole pinto beans, pea starch, pollock oil, chicken fat, whole navy beans, dried kelp, fresh whole pumpkin, fresh whole butternut squash, fresh whole zucchini, fresh whole carrots, fresh whole apples, fresh whole pears, dried chicory root, fresh kale, fresh spinach, fresh beet greens, fresh turnip greens, whole cranberries, whole blueberries, whole saskatoon berries, turmeric, milk thistle, burdock root, lavender, marshmallow root, rosehips","chicken, turkey, fish, eggs, legumes",38,15,8,6,12,1.3,1.1,0.9,2.3,0.3,0.2,445,3710,regular,"senior, dry, regular",11.4,112.99,9.91,pv,https://www.orijenpetfoods.com/dw/image/v2/BFDW_PRD/on/demandware.static/-/Sites-orijen-na-master-catalog/en_CA/dw2a6909b3/ORIJEN%20Dog%20Domestic%202022/ORI%20Senior%20Dog%20Carousel%201000x10002.png?sw=450,https://www.petvalu.ca/product/orijen-senior-dog-food/FCM04368,2025-08-18
Orijen-Puppy,Orijen,Puppy Recipe,dry,puppy,all,"Chicken, Turkey, Herring, Hake",TRUE,"fresh chicken, raw turkey, fresh chicken giblets, liver, heart, raw whole herring, raw whole hake, fresh eggs, dehydrated chicken, dehydrated turkey, dehydrated mackerel, dehydrated sardine, dehydrated herring, chicken fat, whole red lentils, whole peas, whole green lentils, whole chickpeas, lentil fibre, whole pinto beans, whole navy beans, raw turkey liver, pollock oil, pea starch, dried kelp, fresh whole pumpkin, fresh whole butternut squash, fresh whole zucchini, fresh whole carrots, fresh whole apples, fresh whole pears, dried chicory root, fresh kale, fresh spinach, fresh beet greens, fresh turnip greens, whole cranberries, whole blueberries, whole saskatoon berries, turmeric, milk thistle, burdock root, lavender, marshmallow root, rosehips","chicken, turkey, fish, eggs, legumes",38,20,8,5,12,1.4,1.1,1.1,3,0.35,0.25,520,4000,regular,"puppy, dry, regular",11.4,117.99,10.35,pv,https://www.orijenpetfoods.com/dw/image/v2/BFDW_PRD/on/demandware.static/-/Sites-orijen-na-master-catalog/en_CA/dw6e56c3d7/ORIJEN%20Dog%20Domestic%202022/ORI%20Puppy%20Dog%20Carousel%201000x10002.png?sw=450,https://www.petvalu.ca/product/orijen-puppy-dog-food/FCM04362,2025-08-18
Orijen-Puppy-Large,Orijen,Puppy Large Recipe,dry,puppy,large,"Chicken, Turkey, Herring, Hake",TRUE,"fresh chicken, raw turkey, fresh chicken giblets, liver, heart, raw whole hake, raw whole herring, fresh eggs, raw turkey liver, dehydrated chicken, dehydrated mackerel, dehydrated sardine, dehydrated herring, whole red lentils, whole green lentils, whole peas, lentil fibre, whole chickpeas, whole pinto beans, pea starch, dehydrated turkey, chicken fat, whole navy beans, pollock oil, dried kelp, fresh whole pumpkin, fresh whole butternut squash, fresh whole zucchini, fresh whole carrots, fresh whole apples, fresh whole pears, dried chicory root, fresh kale, fresh spinach, fresh beet greens, fresh turnip greens, whole cranberries, whole blueberries, whole saskatoon berries, turmeric, milk thistle, burdock root, lavender, marshmallow root, rosehips","chicken, turkey, fish, eggs, legumes",38,16,8,6,12,1.3,1.1,2.8,0.9,0.3,0.2,451,3760,large,"puppy, large, dry",11.4,117.99,10.35,pv,https://www.orijenpetfoods.com/dw/image/v2/BFDW_PRD/on/demandware.static/-/Sites-orijen-na-master-catalog/en_CA/dw13af2aa9/ORIJEN%20Dog%20Domestic%202022/ORI%20Puppy%20Large%20Dog%20Carousel%201000x10002.png?sw=450,https://www.petvalu.ca/product/orijen-puppy-large-dog-food/FCM04363,2025-08-18
Orijen-Small-Breed,Orijen,Small Breed Recipe,dry,adult,small,"Chicken, Turkey, Quail, Hake, Herring",TRUE,"raw turkey, fresh chicken, raw quail, raw whole hake, raw whole herring, raw turkey liver, fresh chicken giblets, liver, heart, fresh eggs, dehydrated turkey, dehydrated chicken, dehydrated herring, dehydrated chicken liver, dehydrated egg, whole red lentils, whole pinto beans, whole green lentils, chicken fat, whole navy beans, whole chickpeas, lentil fibre, whole peas, pollock oil, pea starch, dried kelp, new zealand green mussels, fresh whole butternut squash, fresh whole pumpkin, salt, fresh whole apples, fresh whole carrots, fresh whole pears, fresh whole zucchini, dried chicory root, fresh beet greens, fresh kale, fresh spinach, fresh turnip greens, whole cranberries, whole blueberries, whole saskatoon berries, turmeric, milk thistle, burdock root, lavender, marshmallow root, rosehips","turkey, chicken, quail, fish, eggs, legumes, shellfish",39,18,9,4,12,1.4,1.1,2.8,0.5,0.2,0.2,468,3900,small,"small, adult, dry",4.5,71.99,15.99,pv,https://www.orijenpetfoods.com/dw/image/v2/BFDW_PRD/on/demandware.static/-/Sites-orijen-na-master-catalog/en_CA/dw33c2aabd/ORIJEN%20Dog%20Domestic%202022/ORI%20Small%20Breed%20Dog%20Carousel%201000x10002.png?sw=450,https://www.petvalu.ca/product/orijen-small-breed-dog-food/FCM04827,2025-08-18
Acana-Classics-Prairie-Poultry,Acana,Classics,dry,all,all,"chicken,turkey",FALSE,"Fresh chicken (21%), chicken meal (20%), pearled barley, whole peas, oat groats, chicken fat (8%), whole oats, chickpea fibre, fish oil (1%), potassium chloride, dried kelp, salt, dried chicory root, fresh whole pumpkin, fresh whole butternut squash, fresh whole carrots, fresh whole apples, fresh whole pears, fresh whole zucchini, fresh kale, fresh spinach, fresh turnip greens, fresh beet greens, whole cranberries, whole blueberries, whole saskatoon berries, turmeric, milk thistle, burdock root, lavender, marshmallow root, rosehips","chicken,egg,fish,grain",27,16,7.5,5,12,1.1,0.9,2.6,0.5,0.1,0.1,413,3443,regular,"grain-inclusive,classics,all-life-stages",14.5,119.99,8.28,PetSmart.ca,https://www.acana.com/dw/image/v2/BFDW_PRD/on/demandware.static/-/Sites-acana-na-master-catalog/en_CA/dw8393a86d/ACA Classics/ACANA Classics Prairie Poultry Recipe Front 9.7kg Canada.png,https://www.acana.com/en-CA/dogs/dog-food/classics%2C-prairie-poultry-recipe/ns-aca-prairiepoultry.html,2026-03-03
Acana-Classics-Wild-Coast,Acana,Classics,dry,all,all,"salmon,herring",FALSE,"Raw salmon (22%), herring meal (19%), pearled barley, whole peas, oat groats, pork fat (8%), whole oats, chickpea fibre, fish oil (1%), calcium carbonate, potassium chloride, dried kelp, salt, dried chicory root, fresh whole pumpkin, fresh whole butternut squash, fresh whole carrots, fresh whole apples, fresh whole pears, fresh whole zucchini, fresh kale, fresh spinach, fresh turnip greens, fresh beet greens, whole cranberries, whole blueberries, whole saskatoon berries, turmeric, milk thistle, burdock root, lavender, marshmallow root, rosehips","fish,pork,grain",27,16,7.5,5,12,1.2,0.9,2.6,1.1,0.4,0.3,413,3443,regular,"grain-inclusive,classics,all-life-stages",14.5,119.99,8.28,PetSmart.ca,https://www.acana.com/dw/image/v2/BFDW_PRD/on/demandware.static/-/Sites-acana-na-master-catalog/en_CA/dwf1bf0b7b/ACA%20Classics/ACANA%20Classics%20Wild%20Coast%20Recipe%20Front%209.7kg%20Canada.png,https://www.acana.com/en-CA/dogs/dog-food/classics%2C-wild-coast-recipe/ns-aca-wildcoast.html,2026-03-03
Acana-Classics-Red-Meat,Acana,Classics,dry,all,all,"beef,lamb,pork",FALSE,"Raw beef (16%), lamb meal (15%), pearled barley, whole peas, oat groats, pork fat (8%), pork meal (8%), whole oats, chickpea fibre, raw pork (2%), fish oil (1%), potassium chloride, dried kelp, salt, dried chicory root, fresh whole pumpkin, fresh whole butternut squash, fresh whole carrots, fresh whole apples, fresh whole pears, fresh whole zucchini, fresh kale, fresh spinach, fresh turnip greens, fresh beet greens, whole cranberries, whole blueberries, whole saskatoon berries, turmeric, milk thistle, burdock root, lavender, marshmallow root, rosehips","beef,lamb,pork,fish,grain",27,16,8,5,12,1.6,1.1,2.2,0.3,0.05,0.05,411,3425,regular,"grain-inclusive,classics,all-life-stages,red-meat",14.5,119.99,8.28,PetSmart.ca,https://www.acana.com/dw/image/v2/BFDW_PRD/on/demandware.static/-/Sites-acana-na-master-catalog/en_CA/dwc054353c/ACA%20Classics/ACANA%20Classics%20Red%20Meat%20Recipe%20Front%209.7kg%20Canada.png,https://www.acana.com/en-CA/dogs/dog-food/classics%2C-red-meat-recipe/ns-aca-classicred.html,2026-03-03
Acana-Highest-Protein-Wild-Prairie,Acana,Highest Protein,dry,all,all,"chicken,turkey,herring,trout,egg",TRUE,"Fresh chicken (13%), raw turkey (9%), fresh chicken giblets (liver, heart, gizzard) (8%), chicken meal (8%), herring meal (7%), turkey meal (7%), whole red lentils, whole chickpeas, whole green peas, chicken fat (5%), raw trout (5%), fresh eggs (5%), whole green lentils, whole pinto beans, whole yellow peas, fish oil (2%), lentil fibre, pea starch, raw turkey liver (1%), dried kelp, salt, yeast, fresh whole pumpkin, fresh whole butternut squash, fresh whole carrots, fresh whole apples, fresh whole pears, fresh whole zucchini, fresh kale, fresh spinach, fresh turnip greens, fresh beet greens, whole cranberries, whole blueberries, dried chicory root, turmeric, sarsaparilla root, althea root, rosehips, juniper berries","chicken,turkey,fish,egg",35,17,7,4,12,1.3,1.0,2.6,0.9,0.2,0.15,425,3545,regular,"grain-free,high-protein,highest-protein,all-life-stages",11.4,99.99,8.77,PetSmart.ca,https://www.acana.com/dw/image/v2/BFDW_PRD/on/demandware.static/-/Sites-acana-na-master-catalog/en_CA/dw1c452eec/ACA%20Highest%20Protein/Wild%20Prairie/Wild%20Prairie%20Dog%20Front%20Pack.png,https://www.acana.com/en-CA/dogs/dog-food/wild-prairie-recipe/ns-aca-wild-prairie.html,2026-03-03
Acana-Highest-Protein-Pacifica,Acana,Highest Protein,dry,all,all,"herring,salmon,flounder,hake,rockfish",TRUE,"Raw whole herring (13%), raw salmon (13%), raw flounder (7%), herring meal (7%), salmon meal (7%), blue whiting meal (7%), whole red lentils, whole chickpeas, whole green peas, whole green lentils, fish oil (6%), raw whole hake (5%), raw whole rockfish (5%), whole pinto beans, whole yellow peas, pea starch, sunflower oil, lentil fibre, dried kelp, yeast, fresh whole pumpkin, fresh whole butternut squash, fresh whole carrots, fresh whole apples, fresh whole pears, fresh whole zucchini, fresh kale, fresh spinach, fresh turnip greens, fresh beet greens, whole cranberries, whole blueberries, dried chicory root, turmeric, sarsaparilla root, althea root, rosehips, juniper berries",fish,35,17,7,4,12,1.2,1.0,3.0,1.5,0.5,0.3,425,3545,regular,"grain-free,high-protein,highest-protein,all-life-stages,fish-based",11.4,99.99,8.77,PetSmart.ca,https://www.acana.com/dw/image/v2/BFDW_PRD/on/demandware.static/-/Sites-acana-na-master-catalog/en_CA/dw2995139e/ACA Highest Protein/Pacifica/Pacifica Dog Front Pack.png,https://www.acana.com/en-CA/dogs/dog-food/pacifica-recipe/ns-aca-pacifica.html,2026-03-03
Acana-Highest-Protein-Grasslands,Acana,Highest Protein,dry,all,all,"lamb,duck,turkey,trout,salmon,egg",TRUE,"Raw lamb (9%), raw duck (9%), fresh eggs (8%), lamb meal (7%), herring meal (7%), turkey meal (7%), whole red lentils, whole chickpeas, whole green peas, chicken fat (4%), raw turkey (4%), raw trout (4%), raw salmon (4%), raw lamb liver (4%), whole green lentils, whole pinto beans, whole yellow peas, fish oil (2%), lentil fibre, pea starch, raw lamb kidney (0.5%), raw lamb tripe (0.5%), dried kelp, yeast, fresh whole pumpkin, fresh whole butternut squash, fresh whole carrots, fresh whole apples, fresh whole pears, fresh whole zucchini, fresh kale, fresh spinach, fresh turnip greens, fresh beet greens, whole cranberries, whole blueberries, dried chicory root, turmeric, sarsaparilla root, althea root, rosehips, juniper berries","lamb,duck,turkey,fish,egg,chicken",35,17,8,4,12,1.6,1.1,2.3,1.0,0.2,0.15,421,3510,regular,"grain-free,high-protein,highest-protein,all-life-stages",11.4,99.99,8.77,PetSmart.ca,https://www.acana.com/dw/image/v2/BFDW_PRD/on/demandware.static/-/Sites-acana-na-master-catalog/en_CA/dw43b139e5/ACA Highest Protein/Grasslands/Grasslands Dog Front Pack.png,https://www.acana.com/en-CA/dogs/dog-food/grasslands-recipe/ns-aca-grasslands.html,2026-03-03
Acana-Highest-Protein-Ranchlands,Acana,Highest Protein,dry,all,all,"beef,lamb,pork,trout",TRUE,"Raw beef (10%), raw lamb (9%), raw pork liver (8%), beef meal (7%), lamb meal (7%), pork meal (7%), whole red lentils, whole chickpeas, whole green peas, pork fat (5%), raw pork (5%), raw trout (5%), whole pinto beans, whole green lentils, whole yellow peas, fish oil (3%), raw beef liver (2%), lentil fibre, pea starch, raw beef kidney (1%), raw beef tripe (1%), dried kelp, yeast, salt, fresh whole pumpkin, fresh whole butternut squash, fresh whole carrots, fresh whole apples, fresh whole pears, fresh whole zucchini, fresh kale, fresh spinach, fresh turnip greens, fresh beet greens, whole cranberries, whole blueberries, dried chicory root, turmeric, sarsaparilla root, althea root, rosehips, juniper berries","beef,lamb,pork,fish",35,17,8.5,4,12,1.7,1.2,2.0,1.0,0.2,0.15,419,3493,regular,"grain-free,high-protein,highest-protein,all-life-stages,red-meat",11.4,99.99,8.77,PetSmart.ca,https://www.acana.com/dw/image/v2/BFDW_PRD/on/demandware.static/-/Sites-acana-na-master-catalog/en_CA/dwd8d79294/ACA%20Highest%20Protein/Ranchlands/Ranchlands%20Dog%20Front%20Pack.png,https://www.acana.com/en-CA/dogs/dog-food/ranchlands-recipe/ns-aca-ranchlands.html,2026-03-03
Acana-Singles-Lamb-Apple,Acana,Singles,dry,all,all,lamb,TRUE,"Raw lamb (21%), lamb meal (18%), raw lamb organs (liver, kidney, tripe) (16%), whole chickpeas, whole lentils, fish oil (5%), fresh apples (4%), dehydrated sweet potato (4%), lentil fibre, sunflower oil, salt, dried kelp, fresh whole pumpkin, fresh whole butternut squash, dried chicory root, whole cranberries, whole blueberries, turmeric, milk thistle, burdock root, lavender, marshmallow root, rosehips","lamb,fish",31,17,9,6,12,1.5,1.1,1.2,1.0,0.15,0.1,409,3405,regular,"grain-free,limited-ingredient,singles,all-life-stages",10.8,89.99,8.33,PetSmart.ca,https://www.acana.com/dw/image/v2/BFDW_PRD/on/demandware.static/-/Sites-acana-na-master-catalog/en_CA/dw44b9093b/ACA Singles 2023/ACANA Singles Lamb With Apple Recipe Front 10.8kg Canada.png,https://www.acana.com/en-CA/dogs/dog-food/singles%2C-lamb-with-apple-recipe/ns-aca-singles-lamb-new.html,2026-03-03
Acana-Singles-Duck-Pear,Acana,Singles,dry,all,all,duck,TRUE,"Raw duck (17%), duck meal (17%), raw duck liver (16%), whole chickpeas, whole lentils, duck fat (8%), dehydrated sweet potato (8%), fresh pears (4%), lentil fibre, fish oil (2%), salt, dried kelp, fresh whole pumpkin, fresh whole butternut squash, dried chicory root, whole cranberries, whole blueberries, turmeric, milk thistle, burdock root, lavender, marshmallow root, rosehips","duck,fish",31,17,9,6,12,1.5,1.1,2.2,0.5,0.1,0.1,409,3405,regular,"grain-free,limited-ingredient,singles,all-life-stages",10.8,89.99,8.33,PetSmart.ca,https://www.acana.com/dw/image/v2/BFDW_PRD/on/demandware.static/-/Sites-acana-na-master-catalog/en_CA/dw4beb8981/ACA Singles 2023/ACANA Singles Duck With Pear Recipe Front 10.8kg Canada.png,https://www.acana.com/en-CA/dogs/dog-food/singles%2C-duck-with-pear-recipe/ns-aca-singles-duck-new.html,2026-03-03
Acana-Singles-Pork-Squash,Acana,Singles,dry,all,all,pork,TRUE,"Raw pork (17%), pork meal (17%), raw pork liver (17%), whole chickpeas, whole lentils, pork fat (7%), fresh whole butternut squash (4%), dehydrated sweet potato (4%), lentil fibre, fish oil (2%), dried kelp, salt, fresh whole pumpkin, dried chicory root, whole cranberries, whole blueberries, turmeric, milk thistle, burdock root, lavender, marshmallow root, rosehips","pork,fish",31,17,9,6,12,1.5,1.1,2.3,0.5,0.15,0.1,409,3405,regular,"grain-free,limited-ingredient,singles,all-life-stages",10.8,89.99,8.33,PetSmart.ca,https://www.acana.com/dw/image/v2/BFDW_PRD/on/demandware.static/-/Sites-acana-na-master-catalog/en_CA/dwef7cd816/ACA Singles 2023/ACANA Singles Pork With Squash Recipe Front 10.8kg Canada.png,https://www.acana.com/en-CA/dogs/dog-food/singles%2C-pork-with-squash-recipe/ns-aca-singles-pork-new.html,2026-03-03
Acana-Healthy-Grains-Puppy,Acana,Healthy Grains,dry,puppy,all,"chicken,turkey,herring,egg",FALSE,"Fresh chicken (17%), chicken meal (17%), oat groats, whole sorghum, whole millet, chicken fat (7%), whole oats, fresh eggs (6%), fresh chicken giblets (heart, liver) (6%), turkey meal (5%), herring meal (5%), raw whole herring (4%), ground miscanthus grass, fish oil (2%), raw turkey (0.5%), raw turkey liver (0.5%), salt, dried kelp, potassium chloride, fresh whole pumpkin, fresh whole butternut squash, fresh apples, fresh carrots, fresh pears, fresh zucchini, fresh beet greens, fresh kale, fresh spinach, fresh turnip greens, whole cranberries, whole blueberries, whole saskatoon berries, dried chicory root, burdock root, lavender, marshmallow root, milk thistle, rosehips, turmeric root","chicken,turkey,fish,egg,grain",31,20,8,5,12,1.4,1.0,3.8,1.0,0.3,0.4,435,3625,regular,"grain-inclusive,healthy-grains,puppy",10.2,86.99,8.53,PetSmart.ca,https://www.acana.com/dw/image/v2/BFDW_PRD/on/demandware.static/-/Sites-acana-na-master-catalog/en_CA/dwb9a8cb0d/ACA%20Healthy%20Grains%20Refresh%202023/Puppy/NS_Healthy%20Grains-PDP-Puppy1.png,https://www.acana.com/en-CA/dogs/dog-food/healthy-grains%2C-puppy-recipe/healthy-grains-puppy-recipe.html,2026-03-03
Acana-Healthy-Grains-Sea-to-Farm-Puppy,Acana,Healthy Grains,dry,puppy,all,"salmon,herring,pork",FALSE,"Raw salmon (19%), herring meal (18%), oat groats, whole sorghum, pork fat (11%), whole millet, pork meal (5%), pollock meal (5%), whole oats, raw pork (4%), pork liver (3%), ground miscanthus grass, salt, dried kelp, potassium chloride, fresh whole pumpkin, fresh whole butternut squash, fresh whole apples, fresh whole carrots, fresh whole pears, fresh whole zucchini, fresh kale, fresh spinach, fresh turnip greens, fresh beet greens, whole cranberries, whole blueberries, whole saskatoon berries, dried chicory root, burdock root, lavender, marshmallow root, milk thistle, rosehips, turmeric root","fish,pork,grain",31,20,8,5,12,1.3,1.0,2.5,0.8,0.3,0.2,413,3625,regular,"grain-inclusive,healthy-grains,puppy,poultry-free",10.2,86.99,8.53,PetSmart.ca,https://www.acana.com/dw/image/v2/BFDW_PRD/on/demandware.static/-/Sites-acana-na-master-catalog/en_CA/dw3f23cc09/ACA Healthy Grains Refresh 2023/Sea to Farm/ACANA Healthy Grains Puppy Sea & Farm Recipe 10.2kg Front Canada.png,https://www.acana.com/en-CA/dogs/dog-food/healthy-grains%2C-sea-to-farm-puppy-recipe/healthy-grains-sea-to-farm-puppy.html,2026-03-03
Acana-Healthy-Grains-Free-Run-Poultry,Acana,Healthy Grains,dry,adult,all,"chicken,turkey,egg",FALSE,"Fresh chicken (17%), chicken meal (16.5%), oat groats, whole sorghum, whole millet, turkey meal (7%), chicken fat (6%), whole oats, fresh eggs (4%), raw turkey (4%), fresh chicken giblets (heart, liver) (4%), ground miscanthus grass, fish oil (1%), raw turkey liver (0.5%), salt, dried kelp, potassium chloride, fresh whole pumpkin, fresh whole butternut squash, fresh apples, fresh carrots, fresh pears, fresh zucchini, fresh beet greens, fresh kale, fresh spinach, fresh turnip greens, whole cranberries, whole blueberries, whole saskatoon berries, dried chicory root, burdock root, lavender, marshmallow root, milk thistle, rosehips, turmeric root","chicken,turkey,fish,egg,grain",29,17,8,4,12,1.4,1.0,3.5,0.6,0.15,0.2,421,3510,regular,"grain-inclusive,healthy-grains,adult",10.2,79.99,7.84,PetSmart.ca,https://www.acana.com/dw/image/v2/BFDW_PRD/on/demandware.static/-/Sites-acana-na-master-catalog/en_CA/dw6c3c4619/ACA%20Healthy%20Grains%20Refresh%202023/FRP/NS_Healthy%20Grains-PDP-Chicken1.png,https://www.acana.com/en-CA/dogs/dog-food/healthy-grains%2C-free-run-poultry/healthy-grains-free-run-poultry.html,2026-03-03
Acana-Healthy-Grains-Red-Meat,Acana,Healthy Grains,dry,adult,all,"beef,pork",FALSE,"Raw beef (13%), beef meal (13%), oat groats, whole sorghum, whole millet, pork meal (10%), pork fat (7%), whole oats, raw pork (6%), raw pork organs (liver, kidney) (5%), raw beef organs (liver, kidney) (4%), ground miscanthus grass, fish oil (2%), salt, potassium chloride, dried kelp, fresh whole pumpkin, fresh whole butternut squash, fresh apples, fresh carrots, fresh pears, fresh zucchini, fresh beet greens, fresh kale, fresh spinach, fresh turnip greens, whole cranberries, whole blueberries, whole saskatoon berries, dried chicory root, burdock root, lavender, marshmallow root, milk thistle, rosehips, turmeric root","beef,pork,fish,grain",29,17,8,4,12,1.7,1.2,2.5,0.5,0.1,0.2,421,3510,regular,"grain-inclusive,healthy-grains,adult,red-meat",10.2,79.99,7.84,PetSmart.ca,https://www.acana.com/dw/image/v2/BFDW_PRD/on/demandware.static/-/Sites-acana-na-master-catalog/en_CA/dw7bfed0f3/ACA Healthy Grains Refresh 2023/RedMeat/NS_Healthy Grains-PDP-Beef1.png,https://www.acana.com/en-CA/dogs/dog-food/healthy-grains%2C-red-meat-recipe/healthy-grains-red-meat.html,2026-03-03
Acana-Healthy-Grains-Sea-to-Stream,Acana,Healthy Grains,dry,adult,all,"salmon,pollock,herring,trout",FALSE,"Raw salmon (19%), pollock meal (18%), oat groats, whole sorghum, whole millet, pork fat (8%), herring meal (7%), whole oats, raw whole herring (4%), raw trout (4%), ground miscanthus grass, salt, dried kelp, potassium chloride, fresh whole pumpkin, fresh whole butternut squash, fresh whole apples, fresh whole carrots, fresh whole pears, fresh whole zucchini, fresh kale, fresh spinach, fresh turnip greens, fresh beet greens, whole cranberries, whole blueberries, whole saskatoon berries, dried chicory root, burdock root, lavender, marshmallow root, milk thistle, rosehips, turmeric root","fish,pork,grain",29,17,9,4,12,1.5,1.1,2.0,0.8,0.3,0.2,417,3475,regular,"grain-inclusive,healthy-grains,adult,fish-based",10.2,79.99,7.84,PetSmart.ca,https://www.acana.com/dw/image/v2/BFDW_PRD/on/demandware.static/-/Sites-acana-na-master-catalog/en_CA/dwe93d5bb0/ACA Healthy Grains Refresh 2023/Sea to Stream/ACANA Healthy Grains Sea To Stream Recipe 10.2kg Front Canada.png,https://www.acana.com/en-CA/dogs/dog-food/healthy-grains%2C-sea-to-stream-recipe/healthy-grains-sea-to-stream.html,2026-03-03
Acana-Healthy-Grains-Large-Breed,Acana,Healthy Grains,dry,adult,large,"chicken,turkey,egg",FALSE,"Fresh chicken (19.5%), chicken meal (19%), oat groats, whole sorghum, whole millet, turkey meal (5%), whole oats, fresh chicken giblets (heart, liver) (4%), fresh eggs (4%), raw turkey (4%), chicken fat (3%), ground miscanthus grass, fish oil (1%), raw turkey liver (0.5%), salt, dried kelp, potassium chloride, fresh whole pumpkin, fresh whole butternut squash, fresh apples, fresh carrots, fresh pears, fresh zucchini, fresh beet greens, fresh kale, fresh spinach, fresh turnip greens, fresh whole cranberries, fresh whole blueberries, fresh whole saskatoon berries, dried chicory root, burdock root, lavender, marshmallow root, milk thistle, rosehips, turmeric root","chicken,turkey,fish,egg,grain",29,15,8,5,12,1.4,1.1,3.5,0.5,0.1,0.2,405,3375,large,"grain-inclusive,healthy-grains,adult,large-breed",10.2,79.99,7.84,PetSmart.ca,https://www.acana.com/dw/image/v2/BFDW_PRD/on/demandware.static/-/Sites-acana-na-master-catalog/en_CA/dwb4308c6c/ACA%20Healthy%20Grains%20Refresh%202023/Large%20Breed/NS_Healthy%20Grains-PDP-Large%20Brd.png,https://www.acana.com/en-CA/dogs/dog-food/healthy-grains%2C-large-breed-recipe/healthy-grains-large-breed-recipe.html,2026-03-03
Acana-Puppy-Small-Breed,Acana,Puppy,dry,puppy,small,"chicken,turkey,herring,hake,egg",TRUE,"Fresh chicken (18%), chicken meal (18%), whole red lentils, whole green peas, fresh chicken giblets (liver, heart) (7%), chicken fat (7%), turkey meal (4%), fresh eggs (4%), raw hake (4%), herring meal (4%), fish oil (3%), whole green lentils, whole chickpeas, whole yellow peas, lentil fibre, pea starch, raw turkey livers (1%), salt, dried kelp, fresh whole pumpkin, fresh whole butternut squash, fresh whole carrots, fresh whole apples, fresh whole pears, fresh whole zucchini, dried chicory root, fresh kale, fresh spinach, fresh turnip greens, fresh beet greens, whole cranberries, whole blueberries, whole saskatoon berries, turmeric, milk thistle, burdock root, lavender, marshmallow root, rosehips","chicken,turkey,fish,egg",33,20,7,5,12,1.5,1.1,2.7,1.0,0.3,0.3,439,3660,small,"grain-free,puppy,small-breed",6,54.99,9.17,PetSmart.ca,https://www.acana.com/dw/image/v2/BFDW_PRD/on/demandware.static/-/Sites-acana-na-master-catalog/en_CA/dw91f95c9e/ACA Dog Refresh 2023/Puppy Small Breed/ACANA Puppy Small Breed Recipe Front 6kg Canada.png,https://www.acana.com/en-CA/dogs/dog-food/puppy-small-breed-recipe/ns-aca-puppy-small.html,2026-03-03
Acana-Puppy-Recipe,Acana,Puppy,dry,puppy,all,"chicken,turkey,herring,hake,egg",TRUE,"Fresh chicken (18%), chicken meal (18%), whole red lentils, whole green peas, fresh chicken giblets (liver, heart) (7%), chicken fat (7%), turkey meal (4%), fresh eggs (4%), raw hake (4%), herring meal (4%), fish oil (3%), whole green lentils, whole chickpeas, whole yellow peas, lentil fibre, pea starch, raw turkey livers (1%), salt, dried kelp, fresh whole pumpkin, fresh whole butternut squash, fresh whole carrots, fresh whole apples, fresh whole pears, fresh whole zucchini, dried chicory root, fresh kale, fresh spinach, fresh turnip greens, fresh beet greens, whole cranberries, whole blueberries, whole saskatoon berries, turmeric, milk thistle, burdock root, lavender, marshmallow root, rosehips","chicken,turkey,fish,egg",33,20,7,5,12,1.5,1.1,2.7,1.0,0.3,0.3,439,3660,regular,"grain-free,puppy,medium-breed",11.4,98.99,8.68,PetSmart.ca,https://www.acana.com/dw/image/v2/BFDW_PRD/on/demandware.static/-/Sites-acana-na-master-catalog/en_CA/dwf88ca9ee/ACA%20Dog%20Refresh%202023/Puppy/ACANA%20Puppy%20Recipe%20Front%2011.4kg%20Canada.png,https://www.acana.com/en-CA/dogs/dog-food/puppy-recipe/ns-aca-puppy-junior.html,2026-03-03
Acana-Puppy-Large-Breed,Acana,Puppy,dry,puppy,large,"chicken,turkey,herring,hake,egg",TRUE,"Fresh chicken (22%), chicken meal (21%), whole red lentils, whole green peas, fresh chicken giblets (liver, heart) (6.5%), fresh eggs (4%), raw hake (4%), fish oil (4%), herring meal (4%), whole chickpeas, pea starch, turkey meal (2%), whole green lentils, whole yellow peas, chicken fat (2%), lentil fibre, raw turkey liver (0.5%), salt, dried kelp, fresh whole apples, fresh whole butternut squash, fresh whole carrots, fresh whole pears, fresh whole pumpkin, fresh whole zucchini, dried chicory root, fresh kale, fresh spinach, fresh turnip greens, fresh beet greens, whole blueberries, whole cranberries, whole saskatoon berries, burdock root, lavender, marshmallow root, milk thistle, rosehips, turmeric","chicken,turkey,fish,egg",33,15,7,6,12,1.4,1.0,2.4,1.2,0.4,0.4,405,3375,large,"grain-free,puppy,large-breed",11.4,98.99,8.68,PetSmart.ca,https://www.acana.com/dw/image/v2/BFDW_PRD/on/demandware.static/-/Sites-acana-na-master-catalog/en_CA/dw29403ac5/ACA%20Dog%20Refresh%202023/Puppy%20Large%20Breed/ACANA%20Puppy%20Large%20Breed%20Recipe%20Front%2011.4kg%20Canada.png,https://www.acana.com/en-CA/dogs/dog-food/puppy-large-breed-recipe/ns-aca-puppy-large.html,2026-03-03
Acana-Adult-Small-Breed,Acana,Adult,dry,adult,small,"chicken,turkey,herring,hake,egg",TRUE,"Fresh chicken (14%), chicken meal (14%), whole red lentils, whole green peas, whole chickpeas, turkey meal (6.5%), chicken fat (6%), fresh chicken giblets (liver, heart) (4%), fresh egg (4%), raw hake (4%), fish oil (4%), herring meal (3%), whole green lentils, whole yellow peas, lentil fibre, pea starch, raw turkey liver (0.5%), salt, dried kelp, fresh whole pumpkin, fresh whole butternut squash, fresh whole carrots, fresh whole apples, fresh whole pears, fresh whole zucchini, dried chicory root, fresh kale, fresh spinach, fresh turnip greens, fresh beet greens, whole cranberries, whole blueberries, whole saskatoon berries, turmeric, milk thistle, burdock root, lavender, marshmallow root, rosehips","chicken,turkey,fish,egg",31,17,7,5,12,1.4,1.1,2.6,1.0,0.15,0.15,421,3510,small,"grain-free,adult,small-breed",6,54.99,9.17,PetSmart.ca,https://www.acana.com/dw/image/v2/BFDW_PRD/on/demandware.static/-/Sites-acana-na-master-catalog/en_CA/dwc33d0c74/ACA Dog Refresh 2023/Adult Small Breed/ACANA Adult Dog Small breed Recipe Front 6kg Canada.png,https://www.acana.com/en-CA/dogs/dog-food/adult-small-breed-recipe/ns-aca-adult-small.html,2026-03-03
Acana-Adult-Dog,Acana,Adult,dry,adult,all,"chicken,turkey,herring,hake,egg",TRUE,"Fresh chicken (13%), chicken meal (13%), whole red lentils, whole green peas, whole chickpeas, fresh chicken giblets (liver, heart) (6.5%), turkey meal (6.5%), chicken fat (6%), fresh eggs (4%), raw hake (4%), lentil fibre, pea starch, fish oil (3%), whole green lentils, whole yellow peas, herring meal (3%), raw turkey livers (1%), salt, dried kelp, fresh whole apples, fresh whole butternut squash, fresh whole carrots, fresh whole pears, fresh whole pumpkin, fresh whole zucchini, dried chicory root, fresh beet greens, fresh kale, fresh spinach, fresh turnip greens, whole blueberries, whole cranberries, whole saskatoon berries, burdock root, lavender, marshmallow root, milk thistle, rosehips, turmeric","chicken,turkey,fish,egg",29,17,7,5,12,1.3,1.0,2.6,0.8,0.1,0.1,421,3510,regular,"grain-free,adult,medium-breed",11.4,89.99,7.89,PetSmart.ca,https://www.acana.com/dw/image/v2/BFDW_PRD/on/demandware.static/-/Sites-acana-na-master-catalog/en_CA/dw4a8d570a/ACA%20Dog%20Refresh%202023/Adult%20Dog/ACANA%20Adult%20Dog%20Recipe%20Front%2011.4kg%20Canada.png,https://www.acana.com/en-CA/dogs/dog-food/adult-dog-recipe/ns-aca-adult.html,2026-03-03
Acana-Adult-Large-Breed,Acana,Adult,dry,adult,large,"chicken,turkey,herring,hake,egg",TRUE,"Fresh chicken (16%), chicken meal (15%), whole red lentils, whole green peas, turkey meal (7%), whole chickpeas, fresh chicken giblets (liver, heart) (4%), chicken fat (4%), fresh eggs (4%), raw hake (4%), fish oil (3%), herring meal (2.5%), whole green lentils, whole yellow peas, lentil fibre, pea starch, raw turkey livers (0.5%), salt, dried kelp, fresh whole pumpkin, fresh whole butternut squash, fresh whole carrots, fresh whole apples, fresh whole pears, fresh whole zucchini, dried chicory root, fresh kale, fresh spinach, fresh turnip greens, fresh beet greens, whole cranberries, whole blueberries, whole saskatoon berries, turmeric, milk thistle, burdock root, lavender, marshmallow root, rosehips","chicken,turkey,fish,egg",31,15,7,6,12,1.4,1.1,2.4,0.8,0.1,0.1,405,3375,large,"grain-free,adult,large-breed",17,125.99,7.41,PetSmart.ca,https://www.acana.com/dw/image/v2/BFDW_PRD/on/demandware.static/-/Sites-acana-na-master-catalog/en_CA/dw54143c9e/ACA%20Dog%20Refresh%202023/Adult%20Large%20Breed/ACANA%20Adult%20Dog%20Large%20Breed%20Recipe%20Front%2011.4kg%20Canada.png,https://www.acana.com/en-CA/dogs/dog-food/adult-large-breed-recipe/ns-aca-adult-large.html,2026-03-03
Acana-Sport-Agility,Acana,Sport & Agility,dry,adult,all,"chicken,turkey,herring,hake,egg",TRUE,"Fresh chicken (21%), chicken meal (20%), whole red lentils, whole green peas, chicken fat (8%), turkey meal (7%), fresh chicken giblets (liver, heart) (4%), fresh eggs (4%), raw hake (4%), fish oil (3.5%), herring meal (3%), whole chickpeas, whole green lentils, whole yellow peas, pea starch, raw turkey liver (0.5%), salt, dried kelp, fresh whole pumpkin, fresh whole butternut squash, fresh whole carrots, fresh whole apples, fresh whole pears, fresh whole zucchini, dried chicory root, fresh kale, fresh spinach, fresh turnip greens, fresh beet greens, whole cranberries, whole blueberries, whole saskatoon berries, turmeric, milk thistle, burdock root, lavender, marshmallow root, rosehips","chicken,turkey,fish,egg",35,22,8,5,12,1.7,1.1,2.7,0.8,0.15,0.15,447,3725,regular,"grain-free,high-protein,sport,high-fat,active-dog",11.4,99.99,8.77,PetSmart.ca,https://www.acana.com/dw/image/v2/BFDW_PRD/on/demandware.static/-/Sites-acana-na-master-catalog/en_CA/dw67fe6a7c/ACA%20Dog%20Refresh%202023/Sport%20%26%20Agility/ACANA%20Dog%20Sport%20%26%20Agility%20Recipe%20Front%2011.4kg%20Canada.png,https://www.acana.com/en-CA/dogs/dog-food/sport-and-agility-recipe/ns-aca-sport-agility.html,2026-03-03
Acana-Light-Fit,Acana,Light & Fit,dry,adult,all,"chicken,turkey,herring,hake,egg",TRUE,"Fresh chicken (21%), chicken meal (20%), whole red lentils, whole green peas, lentil fibre, fresh chicken giblets (liver, heart) (5%), turkey meal (5%), fresh eggs (4%), raw hake (4%), whole chickpeas, whole green lentils, whole yellow peas, pea starch, herring meal (3%), chicken fat (1.5%), fish oil (1%), raw turkey livers (0.5%), salt, dried kelp, fresh whole pumpkin, fresh whole butternut squash, fresh whole carrots, fresh whole apples, fresh whole pears, fresh whole zucchini, dried chicory root, fresh kale, fresh spinach, fresh turnip greens, fresh beet greens, whole cranberries, whole blueberries, whole saskatoon berries, turmeric, milk thistle, burdock root, lavender, marshmallow root, rosehips","chicken,turkey,fish,egg",35,11,7,8,12,1.4,1.0,2.2,0.4,0.1,0.1,368,3070,regular,"grain-free,light,weight-management,high-protein,low-fat",11.4,89.99,7.89,PetSmart.ca,https://www.acana.com/dw/image/v2/BFDW_PRD/on/demandware.static/-/Sites-acana-na-master-catalog/en_CA/dw819f8ae4/ACA%20Dog%20Refresh%202023/Light%20&%20Fit/ACANA%20Dog%20Light%20and%20Fit%20Recipe%20Front%2011.4kg%20Canada.png,https://www.acana.com/en-CA/dogs/dog-food/light-and-fit-recipe/ns-aca-light-fit.html,2026-03-03
Acana-Senior,Acana,Senior,dry,senior,all,"chicken,turkey,herring,hake,egg",TRUE,"Fresh chicken (19%), chicken meal (18%), whole red lentils, whole green peas, turkey meal (6%), whole chickpeas, fresh chicken giblets (liver, heart) (5%), lentil fibre, fresh eggs (4%), raw hake (4%), fish oil (4%), herring meal (3%), whole green lentils, whole yellow peas, pea starch, chicken fat (1%), raw turkey livers (1%), dried kelp, fresh whole pumpkin, fresh whole butternut squash, fresh whole carrots, fresh whole apples, fresh whole pears, fresh whole zucchini, dried chicory root, fresh kale, fresh spinach, fresh turnip greens, fresh beet greens, whole cranberries, whole blueberries, whole saskatoon berries, turmeric, milk thistle, burdock root, lavender, marshmallow root, rosehips","chicken,turkey,fish,egg",33,14,7,6,12,1.5,1.1,2.2,0.8,0.15,0.15,399,3325,regular,"grain-free,senior,high-protein,low-fat",11.4,89.99,7.89,PetSmart.ca,https://www.acana.com/dw/image/v2/BFDW_PRD/on/demandware.static/-/Sites-acana-na-master-catalog/en_CA/dwe52fdae3/ACA Dog Refresh 2023/Senior/ACANA Dog Senior Recipe Front 11.4kg Canada.png,https://www.acana.com/en-CA/dogs/dog-food/senior/ns-aca-senior.html,2026-03-03
OpenFarm-Homestead-Turkey-Chicken-GF,Open Farm,Grain-Free,dry,all,all,"Turkey, Chicken",TRUE,"Turkey, Chicken, Turkey Meal, Chicken Meal, Lentils, Chickpeas, Peas, Chicken Fat, Sweet Potato, Pumpkin, Natural Flavor, Flaxseed, Coconut Oil, Herring Oil, Dicalcium Phosphate, Calcium Carbonate, Salt, Potassium Chloride, Vitamins (Vitamin A Supplement, Vitamin D3 Supplement, Vitamin E Supplement, Niacin, d-Calcium Pantothenate, Thiamine Mononitrate, Pyridoxine Hydrochloride, Riboflavin, Folic Acid, Biotin, Vitamin B12 Supplement), Minerals (Zinc Proteinate, Iron Proteinate, Copper Proteinate, Manganese Proteinate, Sodium Selenite, Calcium Iodate), Taurine, Choline Chloride, Dried Chicory Root, Dried Kelp, Cranberries, Rosemary Extract, Green Tea Extract, Spearmint Extract","chicken,turkey",27.0,15.0,7.0,5.0,10.0,1.2,1.0,2.5,0.5,0.15,0.1,429,3831,regular,ethically-sourced,9.98,113.99,11.42,Open Farm CA,https://cdn.shopify.com/s/files/1/0272/1602/8849/products/PDP-Images-DryDog-GF-Main-2023-TURKEY-CHICKEN-FOP.png,https://openfarmpet.ca/products/homestead-turkey-chicken-grain-free-dry-dog-food,2026-03-03
OpenFarm-Grass-Fed-Beef-GF,Open Farm,Grain-Free,dry,all,all,Beef,TRUE,"Beef, Beef Meal, Lentils, Chickpeas, Peas, Beef Fat, Sweet Potato, Pumpkin, Natural Flavor, Flaxseed, Coconut Oil, Herring Oil, Dicalcium Phosphate, Calcium Carbonate, Salt, Potassium Chloride, Vitamins (Vitamin A Supplement, Vitamin D3 Supplement, Vitamin E Supplement, Niacin, d-Calcium Pantothenate, Thiamine Mononitrate, Pyridoxine Hydrochloride, Riboflavin, Folic Acid, Biotin, Vitamin B12 Supplement), Minerals (Zinc Proteinate, Iron Proteinate, Copper Proteinate, Manganese Proteinate, Sodium Selenite, Calcium Iodate), Taurine, Choline Chloride, Dried Chicory Root, Dried Kelp, Cranberries, Rosemary Extract, Green Tea Extract, Spearmint Extract",beef,30.0,16.0,7.0,5.0,10.0,1.3,1.0,2.5,0.5,0.15,0.1,432,3858,regular,ethically-sourced,9.98,118.99,11.92,Open Farm CA,https://cdn.shopify.com/s/files/1/0272/1602/8849/products/PDP-Images-DryDog-GF-Main-2023-BEEF-FOP.png,https://openfarmpet.ca/products/grass-fed-beef-grain-free-dry-dog-food,2026-03-03
OpenFarm-Wild-Salmon-GF,Open Farm,Grain-Free,dry,all,all,Salmon,TRUE,"Salmon, Salmon Meal, Lentils, Chickpeas, Peas, Canola Oil, Sweet Potato, Pumpkin, Natural Flavor, Flaxseed, Coconut Oil, Dicalcium Phosphate, Calcium Carbonate, Salt, Potassium Chloride, Vitamins (Vitamin A Supplement, Vitamin D3 Supplement, Vitamin E Supplement, Niacin, d-Calcium Pantothenate, Thiamine Mononitrate, Pyridoxine Hydrochloride, Riboflavin, Folic Acid, Biotin, Vitamin B12 Supplement), Minerals (Zinc Proteinate, Iron Proteinate, Copper Proteinate, Manganese Proteinate, Sodium Selenite, Calcium Iodate), Taurine, Choline Chloride, Dried Chicory Root, Dried Kelp, Cranberries, Rosemary Extract, Green Tea Extract, Spearmint Extract",fish,30.0,14.0,7.0,5.0,10.0,1.3,1.0,2.5,0.8,0.1,0.05,407,3632,regular,ethically-sourced,9.98,117.99,11.82,Open Farm CA,https://cdn.shopify.com/s/files/1/0272/1602/8849/products/PDP-Images-DryDog-GF-Main-2023-SALMON-FOP.png,https://openfarmpet.ca/products/wild-caught-salmon-grain-free-dry-dog-food,2026-03-03
OpenFarm-Pasture-Lamb-GF,Open Farm,Grain-Free,dry,all,all,Lamb,TRUE,"Lamb, Lamb Meal, Lentils, Chickpeas, Peas, Canola Oil, Sweet Potato, Pumpkin, Natural Flavor, Flaxseed, Coconut Oil, Herring Oil, Dicalcium Phosphate, Calcium Carbonate, Salt, Potassium Chloride, Vitamins (Vitamin A Supplement, Vitamin D3 Supplement, Vitamin E Supplement, Niacin, d-Calcium Pantothenate, Thiamine Mononitrate, Pyridoxine Hydrochloride, Riboflavin, Folic Acid, Biotin, Vitamin B12 Supplement), Minerals (Zinc Proteinate, Iron Proteinate, Copper Proteinate, Manganese Proteinate, Sodium Selenite, Calcium Iodate), Taurine, Choline Chloride, Dried Chicory Root, Dried Kelp, Cranberries, Rosemary Extract, Green Tea Extract, Spearmint Extract",lamb,27.0,15.0,7.0,5.0,10.0,1.3,1.0,2.5,0.5,0.15,0.1,418,3729,regular,ethically-sourced,9.98,117.99,11.82,Open Farm CA,https://cdn.shopify.com/s/files/1/0272/1602/8849/products/PDP-Images-DryDog-GF-Main-2023-LAMB-FOP.png,https://openfarmpet.ca/products/pasture-raised-lamb-grain-free-dry-dog-food,2026-03-03
OpenFarm-Whitefish-GF,Open Farm,Grain-Free,dry,all,all,Whitefish,TRUE,"Whitefish, Whitefish Meal, Lentils, Chickpeas, Peas, Canola Oil, Sweet Potato, Pumpkin, Natural Flavor, Flaxseed, Coconut Oil, Dicalcium Phosphate, Calcium Carbonate, Salt, Potassium Chloride, Vitamins (Vitamin A Supplement, Vitamin D3 Supplement, Vitamin E Supplement, Niacin, d-Calcium Pantothenate, Thiamine Mononitrate, Pyridoxine Hydrochloride, Riboflavin, Folic Acid, Biotin, Vitamin B12 Supplement), Minerals (Zinc Proteinate, Iron Proteinate, Copper Proteinate, Manganese Proteinate, Sodium Selenite, Calcium Iodate), Taurine, Choline Chloride, Dried Chicory Root, Dried Kelp, Cranberries, Rosemary Extract, Green Tea Extract, Spearmint Extract",fish,30.0,14.0,7.0,5.0,10.0,1.3,1.0,2.5,0.8,0.1,0.05,407,3632,regular,ethically-sourced,9.98,117.99,11.82,Open Farm CA,https://cdn.shopify.com/s/files/1/0272/1602/8849/products/PDP-Images-DryDog-GF-Main-2023-WHITEFISH-FOP.png,https://openfarmpet.ca/products/whitefish-grain-free-dry-dog-food,2026-03-03
OpenFarm-Pork-GF,Open Farm,Grain-Free,dry,all,all,Pork,TRUE,"Pork, Pork Meal, Lentils, Chickpeas, Peas, Pork Fat, Sweet Potato, Pumpkin, Natural Flavor, Flaxseed, Coconut Oil, Herring Oil, Dicalcium Phosphate, Calcium Carbonate, Salt, Potassium Chloride, Vitamins (Vitamin A Supplement, Vitamin D3 Supplement, Vitamin E Supplement, Niacin, d-Calcium Pantothenate, Thiamine Mononitrate, Pyridoxine Hydrochloride, Riboflavin, Folic Acid, Biotin, Vitamin B12 Supplement), Minerals (Zinc Proteinate, Iron Proteinate, Copper Proteinate, Manganese Proteinate, Sodium Selenite, Calcium Iodate), Taurine, Choline Chloride, Dried Chicory Root, Dried Kelp, Cranberries, Rosemary Extract, Green Tea Extract, Spearmint Extract","pork,fish",27.0,15.0,7.0,5.0,10.0,1.2,1.0,2.5,0.5,0.15,0.1,418,3729,regular,ethically-sourced,9.98,113.99,11.42,Open Farm CA,https://cdn.shopify.com/s/files/1/0272/1602/8849/products/PDP-Images-DryDog-GF-Main-2023-PORK-FOP.png,https://openfarmpet.ca/products/farmers-table-pork-grain-free-dry-dog-food,2026-03-03
OpenFarm-NZ-Venison-GF,Open Farm,Grain-Free,dry,all,all,Venison,TRUE,"Venison, Venison Meal, Lentils, Chickpeas, Peas, Canola Oil, Sweet Potato, Pumpkin, Natural Flavor, Flaxseed, Coconut Oil, Herring Oil, Dicalcium Phosphate, Calcium Carbonate, Salt, Potassium Chloride, Vitamins (Vitamin A Supplement, Vitamin D3 Supplement, Vitamin E Supplement, Niacin, d-Calcium Pantothenate, Thiamine Mononitrate, Pyridoxine Hydrochloride, Riboflavin, Folic Acid, Biotin, Vitamin B12 Supplement), Minerals (Zinc Proteinate, Iron Proteinate, Copper Proteinate, Manganese Proteinate, Sodium Selenite, Calcium Iodate), Taurine, Choline Chloride, Dried Chicory Root, Dried Kelp, Cranberries, Rosemary Extract, Green Tea Extract, Spearmint Extract","venison,fish",30.0,15.0,7.0,5.0,10.0,1.3,1.0,2.5,0.5,0.15,0.1,418,3729,regular,ethically-sourced,9.98,149.99,15.03,Open Farm CA,https://cdn.shopify.com/s/files/1/0272/1602/8849/products/PDP-Images-DryDog-GF-Main-2023-VENISON-FOP.png,https://openfarmpet.ca/products/new-zealand-venison-grain-free-dry-dog-food,2026-03-03
OpenFarm-Senior-GF,Open Farm,Grain-Free,dry,senior,all,"Chicken, Turkey",TRUE,"Chicken, Turkey, Chicken Meal, Turkey Meal, Lentils, Chickpeas, Peas, Chicken Fat, Sweet Potato, Pumpkin, Natural Flavor, Flaxseed, Coconut Oil, Green Lipped Mussel, Herring Oil, Dicalcium Phosphate, Calcium Carbonate, Salt, Potassium Chloride, Glucosamine Hydrochloride, Chondroitin Sulfate, Vitamins (Vitamin A Supplement, Vitamin D3 Supplement, Vitamin E Supplement, Niacin, d-Calcium Pantothenate, Thiamine Mononitrate, Pyridoxine Hydrochloride, Riboflavin, Folic Acid, Biotin, Vitamin B12 Supplement), Minerals (Zinc Proteinate, Iron Proteinate, Copper Proteinate, Manganese Proteinate, Sodium Selenite, Calcium Iodate), Taurine, L-Carnitine, Choline Chloride, Dried Chicory Root, Dried Kelp, Cranberries, Rosemary Extract, Green Tea Extract, Spearmint Extract","chicken,turkey",27.0,12.0,7.0,5.5,10.0,1.2,0.9,2.0,0.5,0.15,0.1,380,3392,regular,ethically-sourced,9.98,113.99,11.42,Open Farm CA,https://cdn.shopify.com/s/files/1/0272/1602/8849/products/PDP-Images-DryDog-GF-Main-2023-SENIOR-FOP.png,https://openfarmpet.ca/products/senior-grain-free-dry-dog-food,2026-03-03
OpenFarm-Small-Breed-GF,Open Farm,Grain-Free,dry,all,small,"Chicken, Turkey",TRUE,"Chicken, Turkey, Chicken Meal, Turkey Meal, Lentils, Chickpeas, Peas, Chicken Fat, Sweet Potato, Pumpkin, Natural Flavor, Flaxseed, Coconut Oil, Green Lipped Mussel, Herring Oil, Dicalcium Phosphate, Calcium Carbonate, Salt, Potassium Chloride, Vitamins (Vitamin A Supplement, Vitamin D3 Supplement, Vitamin E Supplement, Niacin, d-Calcium Pantothenate, Thiamine Mononitrate, Pyridoxine Hydrochloride, Riboflavin, Folic Acid, Biotin, Vitamin B12 Supplement), Minerals (Zinc Proteinate, Iron Proteinate, Copper Proteinate, Manganese Proteinate, Sodium Selenite, Calcium Iodate), Taurine, Choline Chloride, Dried Chicory Root, Dried Kelp, Cranberries, Rosemary Extract, Green Tea Extract, Spearmint Extract","chicken,turkey",30.0,17.0,7.0,4.5,10.0,1.3,1.0,2.5,0.5,0.15,0.1,440,3926,small,ethically-sourced,4.99,64.99,13.02,Open Farm CA,https://cdn.shopify.com/s/files/1/0272/1602/8849/products/PDP-Images-DryDog-GF-Main-2023-SB-FOP.png,https://openfarmpet.ca/products/small-breed-grain-free-dry-dog-food,2026-03-03
OpenFarm-Harvest-Chicken-AG,Open Farm,Ancient Grains,dry,all,all,Chicken,FALSE,"Chicken, Chicken Meal, Steel Cut Oats, Quinoa, Sorghum, Millet, Chicken Fat, Pumpkin, Natural Flavor, Flaxseed, Coconut Oil, Herring Oil, Dicalcium Phosphate, Calcium Carbonate, Salt, Potassium Chloride, Vitamins (Vitamin A Supplement, Vitamin D3 Supplement, Vitamin E Supplement, Niacin, d-Calcium Pantothenate, Thiamine Mononitrate, Pyridoxine Hydrochloride, Riboflavin, Folic Acid, Biotin, Vitamin B12 Supplement), Minerals (Zinc Proteinate, Iron Proteinate, Copper Proteinate, Manganese Proteinate, Sodium Selenite, Calcium Iodate), Taurine, Choline Chloride, Dried Chicory Root, Dried Kelp, Cranberries, Rosemary Extract, Green Tea Extract, Spearmint Extract","chicken,grain",27.0,14.0,7.0,5.0,10.0,1.2,1.0,2.5,0.5,0.15,0.1,407,3632,regular,ethically-sourced,9.98,103.99,10.42,Open Farm CA,https://cdn.shopify.com/s/files/1/0272/1602/8849/products/PDP-Images-DryDog-AG-Main-2023-CHICKEN-FOP.png,https://openfarmpet.ca/products/harvest-chicken-ancient-grains-dry-dog-food,2026-03-03
OpenFarm-Homestead-Turkey-AG,Open Farm,Ancient Grains,dry,all,all,Turkey,FALSE,"Turkey, Turkey Meal, Steel Cut Oats, Quinoa, Sorghum, Millet, Turkey Fat, Pumpkin, Natural Flavor, Flaxseed, Coconut Oil, Herring Oil, Dicalcium Phosphate, Calcium Carbonate, Salt, Potassium Chloride, Vitamins (Vitamin A Supplement, Vitamin D3 Supplement, Vitamin E Supplement, Niacin, d-Calcium Pantothenate, Thiamine Mononitrate, Pyridoxine Hydrochloride, Riboflavin, Folic Acid, Biotin, Vitamin B12 Supplement), Minerals (Zinc Proteinate, Iron Proteinate, Copper Proteinate, Manganese Proteinate, Sodium Selenite, Calcium Iodate), Taurine, Choline Chloride, Dried Chicory Root, Dried Kelp, Cranberries, Rosemary Extract, Green Tea Extract, Spearmint Extract","turkey,grain",27.0,14.0,7.0,5.0,10.0,1.2,1.0,2.5,0.5,0.15,0.1,407,3632,regular,ethically-sourced,9.98,103.99,10.42,Open Farm CA,https://cdn.shopify.com/s/files/1/0272/1602/8849/products/PDP-Images-DryDog-AG-Main-2023-TURKEY-FOP.png,https://openfarmpet.ca/products/homestead-turkey-ancient-grains-dry-dog-food,2026-03-03
OpenFarm-Grass-Fed-Beef-AG,Open Farm,Ancient Grains,dry,all,all,Beef,FALSE,"Beef, Beef Meal, Steel Cut Oats, Quinoa, Sorghum, Millet, Beef Fat, Pumpkin, Natural Flavor, Flaxseed, Coconut Oil, Herring Oil, Dicalcium Phosphate, Calcium Carbonate, Salt, Potassium Chloride, Vitamins (Vitamin A Supplement, Vitamin D3 Supplement, Vitamin E Supplement, Niacin, d-Calcium Pantothenate, Thiamine Mononitrate, Pyridoxine Hydrochloride, Riboflavin, Folic Acid, Biotin, Vitamin B12 Supplement), Minerals (Zinc Proteinate, Iron Proteinate, Copper Proteinate, Manganese Proteinate, Sodium Selenite, Calcium Iodate), Taurine, Choline Chloride, Dried Chicory Root, Dried Kelp, Cranberries, Rosemary Extract, Green Tea Extract, Spearmint Extract","beef,grain",27.0,14.0,7.0,5.0,10.0,1.2,1.0,2.5,0.5,0.15,0.1,407,3632,regular,ethically-sourced,9.98,109.99,11.02,Open Farm CA,https://cdn.shopify.com/s/files/1/0272/1602/8849/products/PDP-Images-DryDog-AG-Main-2023-BEEF-FOP.png,https://openfarmpet.ca/products/grass-fed-beef-ancient-grains-dry-dog-food,2026-03-03
OpenFarm-Wild-Salmon-AG,Open Farm,Ancient Grains,dry,all,all,Salmon,FALSE,"Salmon, Salmon Meal, Steel Cut Oats, Quinoa, Sorghum, Millet, Canola Oil, Pumpkin, Natural Flavor, Flaxseed, Coconut Oil, Dicalcium Phosphate, Calcium Carbonate, Salt, Potassium Chloride, Vitamins (Vitamin A Supplement, Vitamin D3 Supplement, Vitamin E Supplement, Niacin, d-Calcium Pantothenate, Thiamine Mononitrate, Pyridoxine Hydrochloride, Riboflavin, Folic Acid, Biotin, Vitamin B12 Supplement), Minerals (Zinc Proteinate, Iron Proteinate, Copper Proteinate, Manganese Proteinate, Sodium Selenite, Calcium Iodate), Taurine, Choline Chloride, Dried Chicory Root, Dried Kelp, Cranberries, Rosemary Extract, Green Tea Extract, Spearmint Extract","fish,grain",27.0,14.0,7.0,5.0,10.0,1.2,1.0,2.5,0.8,0.1,0.05,407,3632,regular,ethically-sourced,9.98,103.99,10.42,Open Farm CA,https://cdn.shopify.com/s/files/1/0272/1602/8849/products/PDP-Images-DryDog-AG-Main-2023-SALMON-FOP.png,https://openfarmpet.ca/products/wild-caught-salmon-ancient-grains-dry-dog-food,2026-03-03
OpenFarm-Pasture-Lamb-AG,Open Farm,Ancient Grains,dry,all,all,Lamb,FALSE,"Lamb, Lamb Meal, Steel Cut Oats, Quinoa, Sorghum, Millet, Canola Oil, Pumpkin, Natural Flavor, Flaxseed, Coconut Oil, Herring Oil, Dicalcium Phosphate, Calcium Carbonate, Salt, Potassium Chloride, Vitamins (Vitamin A Supplement, Vitamin D3 Supplement, Vitamin E Supplement, Niacin, d-Calcium Pantothenate, Thiamine Mononitrate, Pyridoxine Hydrochloride, Riboflavin, Folic Acid, Biotin, Vitamin B12 Supplement), Minerals (Zinc Proteinate, Iron Proteinate, Copper Proteinate, Manganese Proteinate, Sodium Selenite, Calcium Iodate), Taurine, Choline Chloride, Dried Chicory Root, Dried Kelp, Cranberries, Rosemary Extract, Green Tea Extract, Spearmint Extract","lamb,grain",27.0,14.0,7.0,5.0,10.0,1.2,1.0,2.5,0.5,0.15,0.1,407,3632,regular,ethically-sourced,9.98,109.99,11.02,Open Farm CA,https://cdn.shopify.com/s/files/1/0272/1602/8849/products/PDP-Images-DryDog-AG-Main-2023-LAMB-FOP.png,https://openfarmpet.ca/products/pasture-raised-lamb-ancient-grains-dry-dog-food,2026-03-03
OpenFarm-Whitefish-AG,Open Farm,Ancient Grains,dry,all,all,Whitefish,FALSE,"Whitefish, Whitefish Meal, Steel Cut Oats, Quinoa, Sorghum, Millet, Canola Oil, Pumpkin, Natural Flavor, Flaxseed, Coconut Oil, Dicalcium Phosphate, Calcium Carbonate, Salt, Potassium Chloride, Vitamins (Vitamin A Supplement, Vitamin D3 Supplement, Vitamin E Supplement, Niacin, d-Calcium Pantothenate, Thiamine Mononitrate, Pyridoxine Hydrochloride, Riboflavin, Folic Acid, Biotin, Vitamin B12 Supplement), Minerals (Zinc Proteinate, Iron Proteinate, Copper Proteinate, Manganese Proteinate, Sodium Selenite, Calcium Iodate), Taurine, Choline Chloride, Dried Chicory Root, Dried Kelp, Cranberries, Rosemary Extract, Green Tea Extract, Spearmint Extract","fish,grain",27.0,14.0,7.0,5.0,10.0,1.2,1.0,2.5,0.8,0.1,0.05,407,3632,regular,ethically-sourced,9.98,103.99,10.42,Open Farm CA,https://cdn.shopify.com/s/files/1/0272/1602/8849/products/PDP-Images-DryDog-AG-Main-2023-WHITEFISH-FOP.png,https://openfarmpet.ca/products/whitefish-ancient-grains-dry-dog-food,2026-03-03
OpenFarm-Pork-AG,Open Farm,Ancient Grains,dry,all,all,Pork,FALSE,"Pork, Pork Meal, Steel Cut Oats, Quinoa, Sorghum, Millet, Pork Fat, Pumpkin, Natural Flavor, Flaxseed, Coconut Oil, Herring Oil, Dicalcium Phosphate, Calcium Carbonate, Salt, Potassium Chloride, Vitamins (Vitamin A Supplement, Vitamin D3 Supplement, Vitamin E Supplement, Niacin, d-Calcium Pantothenate, Thiamine Mononitrate, Pyridoxine Hydrochloride, Riboflavin, Folic Acid, Biotin, Vitamin B12 Supplement), Minerals (Zinc Proteinate, Iron Proteinate, Copper Proteinate, Manganese Proteinate, Sodium Selenite, Calcium Iodate), Taurine, Choline Chloride, Dried Chicory Root, Dried Kelp, Cranberries, Rosemary Extract, Green Tea Extract, Spearmint Extract","pork,fish,grain",27.0,14.0,7.0,5.0,10.0,1.2,1.0,2.5,0.5,0.15,0.1,407,3632,regular,ethically-sourced,9.98,103.99,10.42,Open Farm CA,https://cdn.shopify.com/s/files/1/0272/1602/8849/products/PDP-Images-DryDog-AG-Main-2023-PORK-FOP.png,https://openfarmpet.ca/products/farmers-table-pork-ancient-grains-dry-dog-food,2026-03-03
OpenFarm-NZ-Venison-AG,Open Farm,Ancient Grains,dry,all,all,Venison,FALSE,"Venison, Venison Meal, Steel Cut Oats, Quinoa, Sorghum, Millet, Canola Oil, Pumpkin, Natural Flavor, Flaxseed, Coconut Oil, Herring Oil, Dicalcium Phosphate, Calcium Carbonate, Salt, Potassium Chloride, Vitamins (Vitamin A Supplement, Vitamin D3 Supplement, Vitamin E Supplement, Niacin, d-Calcium Pantothenate, Thiamine Mononitrate, Pyridoxine Hydrochloride, Riboflavin, Folic Acid, Biotin, Vitamin B12 Supplement), Minerals (Zinc Proteinate, Iron Proteinate, Copper Proteinate, Manganese Proteinate, Sodium Selenite, Calcium Iodate), Taurine, Choline Chloride, Dried Chicory Root, Dried Kelp, Cranberries, Rosemary Extract, Green Tea Extract, Spearmint Extract","venison,fish,grain",27.0,14.0,7.0,5.0,10.0,1.2,1.0,2.5,0.5,0.15,0.1,407,3632,regular,ethically-sourced,9.98,119.99,12.02,Open Farm CA,https://cdn.shopify.com/s/files/1/0272/1602/8849/products/PDP-Images-DryDog-AG-Main-2023-VENISON-FOP.png,https://openfarmpet.ca/products/new-zealand-venison-ancient-grains-dry-dog-food,2026-03-03
OpenFarm-Small-Breed-AG,Open Farm,Ancient Grains,dry,all,small,"Chicken, Turkey",FALSE,"Chicken, Turkey, Chicken Meal, Turkey Meal, Steel Cut Oats, Quinoa, Sorghum, Millet, Chicken Fat, Pumpkin, Sweet Potato, Natural Flavor, Flaxseed, Coconut Oil, Herring Oil, Dicalcium Phosphate, Calcium Carbonate, Salt, Potassium Chloride, Vitamins (Vitamin A Supplement, Vitamin D3 Supplement, Vitamin E Supplement, Niacin, d-Calcium Pantothenate, Thiamine Mononitrate, Pyridoxine Hydrochloride, Riboflavin, Folic Acid, Biotin, Vitamin B12 Supplement), Minerals (Zinc Proteinate, Iron Proteinate, Copper Proteinate, Manganese Proteinate, Sodium Selenite, Calcium Iodate), Taurine, Choline Chloride, Dried Chicory Root, Dried Kelp, Cranberries, Rosemary Extract, Green Tea Extract, Spearmint Extract","chicken,turkey,grain",28.0,16.0,7.0,4.5,10.0,1.3,1.0,2.5,0.5,0.15,0.1,430,3838,small,ethically-sourced,4.99,65.99,13.23,Open Farm CA,https://cdn.shopify.com/s/files/1/0272/1602/8849/products/PDP-Images-DryDog-AG-Main-2023-SB-FOP.png,https://openfarmpet.ca/products/small-breed-ancient-grains-dry-dog-food,2026-03-03
OpenFarm-Chicken-Salmon-AG-Puppy,Open Farm,Ancient Grains Puppy,dry,puppy,all,"Chicken, Salmon",FALSE,"Chicken, Salmon, Chicken Meal, Salmon Meal, Steel Cut Oats, Quinoa, Sorghum, Millet, Chicken Fat, Pumpkin, Natural Flavor, Flaxseed, Coconut Oil, Salmon Oil, Dicalcium Phosphate, Calcium Carbonate, Salt, Potassium Chloride, DHA Gold, Vitamins (Vitamin A Supplement, Vitamin D3 Supplement, Vitamin E Supplement, Niacin, d-Calcium Pantothenate, Thiamine Mononitrate, Pyridoxine Hydrochloride, Riboflavin, Folic Acid, Biotin, Vitamin B12 Supplement), Minerals (Zinc Proteinate, Iron Proteinate, Copper Proteinate, Manganese Proteinate, Sodium Selenite, Calcium Iodate), Taurine, Choline Chloride, Dried Chicory Root, Dried Kelp, Cranberries, Rosemary Extract, Green Tea Extract, Spearmint Extract","chicken,fish,grain",28.0,16.0,7.0,5.0,10.0,1.4,1.1,2.5,0.6,0.15,0.05,420,3749,regular,ethically-sourced,9.98,106.99,10.72,Open Farm CA,https://cdn.shopify.com/s/files/1/0272/1602/8849/products/PDP-Images-DryDog-AG-Main-2023-PUPPY-CHICKEN-FOP.png,https://openfarmpet.ca/products/chicken-salmon-ancient-grains-puppy-dry-dog-food,2026-03-03
OpenFarm-Salmon-AG-Puppy,Open Farm,Ancient Grains Puppy,dry,puppy,all,Salmon,FALSE,"Salmon, Salmon Meal, Steel Cut Oats, Quinoa, Sorghum, Millet, Canola Oil, Pumpkin, Natural Flavor, Flaxseed, Coconut Oil, Salmon Oil, Dicalcium Phosphate, Calcium Carbonate, Salt, Potassium Chloride, DHA Gold, Vitamins (Vitamin A Supplement, Vitamin D3 Supplement, Vitamin E Supplement, Niacin, d-Calcium Pantothenate, Thiamine Mononitrate, Pyridoxine Hydrochloride, Riboflavin, Folic Acid, Biotin, Vitamin B12 Supplement), Minerals (Zinc Proteinate, Iron Proteinate, Copper Proteinate, Manganese Proteinate, Sodium Selenite, Calcium Iodate), Taurine, Choline Chloride, Dried Chicory Root, Dried Kelp, Cranberries, Rosemary Extract, Green Tea Extract, Spearmint Extract","fish,grain",28.0,16.0,7.0,5.0,10.0,1.4,1.1,2.5,0.8,0.2,0.1,420,3749,regular,ethically-sourced,9.98,106.99,10.72,Open Farm CA,https://cdn.shopify.com/s/files/1/0272/1602/8849/products/PDP-Images-DryDog-AG-Main-2023-PUPPY-SALMON-FOP.png,https://openfarmpet.ca/products/salmon-ancient-grains-puppy-dry-dog-food,2026-03-03
OpenFarm-Chicken-Salmon-GF-Puppy,Open Farm,Grain-Free Puppy,dry,puppy,all,"Chicken, Salmon",TRUE,"Chicken, Salmon, Chicken Meal, Salmon Meal, Lentils, Chickpeas, Peas, Chicken Fat, Sweet Potato, Pumpkin, Natural Flavor, Flaxseed, Coconut Oil, Salmon Oil, Dicalcium Phosphate, Calcium Carbonate, Salt, Potassium Chloride, DHA Gold, Vitamins (Vitamin A Supplement, Vitamin D3 Supplement, Vitamin E Supplement, Niacin, d-Calcium Pantothenate, Thiamine Mononitrate, Pyridoxine Hydrochloride, Riboflavin, Folic Acid, Biotin, Vitamin B12 Supplement), Minerals (Zinc Proteinate, Iron Proteinate, Copper Proteinate, Manganese Proteinate, Sodium Selenite, Calcium Iodate), Taurine, Choline Chloride, Dried Chicory Root, Dried Kelp, Cranberries, Rosemary Extract, Green Tea Extract, Spearmint Extract","chicken,fish",28.0,16.0,7.0,5.0,10.0,1.4,1.1,2.5,0.6,0.15,0.05,420,3749,regular,ethically-sourced,9.98,113.99,11.42,Open Farm CA,https://cdn.shopify.com/s/files/1/0272/1602/8849/products/PDP-Images-DryDog-GF-Main-2023-PUPPY-CHICKEN-FOP.png,https://openfarmpet.ca/products/chicken-salmon-grain-free-puppy-dry-dog-food,2026-03-03
OpenFarm-Salmon-GF-Puppy,Open Farm,Grain-Free Puppy,dry,puppy,all,Salmon,TRUE,"Salmon, Salmon Meal, Lentils, Chickpeas, Peas, Canola Oil, Sweet Potato, Pumpkin, Natural Flavor, Flaxseed, Coconut Oil, Salmon Oil, Dicalcium Phosphate, Calcium Carbonate, Salt, Potassium Chloride, DHA Gold, Vitamins (Vitamin A Supplement, Vitamin D3 Supplement, Vitamin E Supplement, Niacin, d-Calcium Pantothenate, Thiamine Mononitrate, Pyridoxine Hydrochloride, Riboflavin, Folic Acid, Biotin, Vitamin B12 Supplement), Minerals (Zinc Proteinate, Iron Proteinate, Copper Proteinate, Manganese Proteinate, Sodium Selenite, Calcium Iodate), Taurine, Choline Chloride, Dried Chicory Root, Dried Kelp, Cranberries, Rosemary Extract, Green Tea Extract, Spearmint Extract",fish,28.0,16.0,7.0,5.0,10.0,1.4,1.1,2.5,0.8,0.2,0.1,420,3749,regular,ethically-sourced,9.98,113.99,11.42,Open Farm CA,https://cdn.shopify.com/s/files/1/0272/1602/8849/products/PDP-Images-DryDog-GF-Main-2023-PUPPY-SALMON-FOP.png,https://openfarmpet.ca/products/salmon-grain-free-puppy-dry-dog-food,2026-03-03
OpenFarm-RawMix-Front-Range-GF,Open Farm,RawMix Grain-Free,dry,all,all,"Beef, Lamb, Pork",TRUE,"Beef, Lamb, Pork, Beef Meal, Lamb Meal, Lentils, Chickpeas, Peas, Beef Fat, Freeze-Dried Beef, Freeze-Dried Beef Liver, Freeze-Dried Beef Heart, Sweet Potato, Pumpkin, Natural Flavor, Flaxseed, Coconut Oil, Beef Bone Broth, Herring Oil, Dicalcium Phosphate, Calcium Carbonate, Salt, Potassium Chloride, Vitamins (Vitamin A Supplement, Vitamin D3 Supplement, Vitamin E Supplement, Niacin, d-Calcium Pantothenate, Thiamine Mononitrate, Pyridoxine Hydrochloride, Riboflavin, Folic Acid, Biotin, Vitamin B12 Supplement), Minerals (Zinc Proteinate, Iron Proteinate, Copper Proteinate, Manganese Proteinate, Sodium Selenite, Calcium Iodate), Taurine, Choline Chloride, Dried Chicory Root, Dried Kelp, Cranberries, Rosemary Extract, Green Tea Extract, Spearmint Extract","beef,lamb,pork,fish",33.0,17.0,7.0,5.0,10.0,1.4,1.1,2.5,0.5,0.15,0.1,440,3926,regular,"ethically-sourced,raw-coated,bone-broth",9.07,132.99,14.66,Open Farm CA,https://cdn.shopify.com/s/files/1/0272/1602/8849/products/PDP-Images-DryDog-RM-Main-2023-FRONT-RANGE-GF-FOP.png,https://openfarmpet.ca/products/rawmix-front-range-grain-free-dry-dog-food,2026-03-03
OpenFarm-RawMix-Front-Range-AG,Open Farm,RawMix Ancient Grains,dry,all,all,"Beef, Lamb, Pork",FALSE,"Beef, Lamb, Pork, Beef Meal, Lamb Meal, Steel Cut Oats, Quinoa, Sorghum, Millet, Beef Fat, Freeze-Dried Beef, Freeze-Dried Beef Liver, Freeze-Dried Beef Heart, Pumpkin, Natural Flavor, Flaxseed, Coconut Oil, Beef Bone Broth, Herring Oil, Dicalcium Phosphate, Calcium Carbonate, Salt, Potassium Chloride, Vitamins (Vitamin A Supplement, Vitamin D3 Supplement, Vitamin E Supplement, Niacin, d-Calcium Pantothenate, Thiamine Mononitrate, Pyridoxine Hydrochloride, Riboflavin, Folic Acid, Biotin, Vitamin B12 Supplement), Minerals (Zinc Proteinate, Iron Proteinate, Copper Proteinate, Manganese Proteinate, Sodium Selenite, Calcium Iodate), Taurine, Choline Chloride, Dried Chicory Root, Dried Kelp, Cranberries, Rosemary Extract, Green Tea Extract, Spearmint Extract","beef,lamb,pork,fish,grain",30.0,16.0,7.0,5.0,10.0,1.3,1.0,2.5,0.5,0.15,0.1,430,3838,regular,"ethically-sourced,raw-coated,bone-broth",9.07,129.99,14.33,Open Farm CA,https://cdn.shopify.com/s/files/1/0272/1602/8849/products/PDP-Images-DryDog-RM-Main-2023-FRONT-RANGE-AG-FOP.png,https://openfarmpet.ca/products/rawmix-front-range-ancient-grains-dry-dog-food,2026-03-03
OpenFarm-RawMix-Wild-Ocean-GF,Open Farm,RawMix Grain-Free,dry,all,all,"Whitefish, Salmon, Rockfish",TRUE,"Whitefish, Salmon, Rockfish, Whitefish Meal, Salmon Meal, Lentils, Chickpeas, Peas, Canola Oil, Freeze-Dried Whitefish, Freeze-Dried Salmon, Sweet Potato, Pumpkin, Natural Flavor, Flaxseed, Coconut Oil, Fish Bone Broth, Dicalcium Phosphate, Calcium Carbonate, Salt, Potassium Chloride, Vitamins (Vitamin A Supplement, Vitamin D3 Supplement, Vitamin E Supplement, Niacin, d-Calcium Pantothenate, Thiamine Mononitrate, Pyridoxine Hydrochloride, Riboflavin, Folic Acid, Biotin, Vitamin B12 Supplement), Minerals (Zinc Proteinate, Iron Proteinate, Copper Proteinate, Manganese Proteinate, Sodium Selenite, Calcium Iodate), Taurine, Choline Chloride, Dried Chicory Root, Dried Kelp, Cranberries, Rosemary Extract, Green Tea Extract, Spearmint Extract",fish,33.0,16.0,7.0,5.0,10.0,1.4,1.1,2.5,0.8,0.15,0.08,420,3749,regular,"ethically-sourced,raw-coated,bone-broth",9.07,139.99,15.44,Open Farm CA,https://cdn.shopify.com/s/files/1/0272/1602/8849/products/PDP-Images-DryDog-RM-Main-2023-WILD-OCEAN-GF-FOP.png,https://openfarmpet.ca/products/rawmix-wild-ocean-grain-free-dry-dog-food,2026-03-03
OpenFarm-RawMix-Wild-Ocean-AG,Open Farm,RawMix Ancient Grains,dry,all,all,"Whitefish, Salmon, Rockfish",FALSE,"Whitefish, Salmon, Rockfish, Whitefish Meal, Salmon Meal, Steel Cut Oats, Quinoa, Sorghum, Millet, Canola Oil, Freeze-Dried Whitefish, Freeze-Dried Salmon, Pumpkin, Natural Flavor, Flaxseed, Coconut Oil, Fish Bone Broth, Dicalcium Phosphate, Calcium Carbonate, Salt, Potassium Chloride, Vitamins (Vitamin A Supplement, Vitamin D3 Supplement, Vitamin E Supplement, Niacin, d-Calcium Pantothenate, Thiamine Mononitrate, Pyridoxine Hydrochloride, Riboflavin, Folic Acid, Biotin, Vitamin B12 Supplement), Minerals (Zinc Proteinate, Iron Proteinate, Copper Proteinate, Manganese Proteinate, Sodium Selenite, Calcium Iodate), Taurine, Choline Chloride, Dried Chicory Root, Dried Kelp, Cranberries, Rosemary Extract, Green Tea Extract, Spearmint Extract","fish,grain",30.0,14.0,7.0,5.0,10.0,1.3,1.0,2.5,0.8,0.15,0.08,407,3632,regular,"ethically-sourced,raw-coated,bone-broth",9.07,122.99,13.56,Open Farm CA,https://cdn.shopify.com/s/files/1/0272/1602/8849/products/PDP-Images-DryDog-RM-Main-2023-WILD-OCEAN-AG-FOP.png,https://openfarmpet.ca/products/rawmix-wild-ocean-ancient-grains-dry-dog-food,2026-03-03
OpenFarm-RawMix-Tide-Terrain-GF,Open Farm,RawMix Grain-Free,dry,all,all,"Pollock, Salmon, Beef",TRUE,"Alaskan Pollock, Salmon, Beef, Pollock Meal, Salmon Meal, Beef Meal, Lentils, Chickpeas, Peas, Beef Fat, Freeze-Dried Beef, Freeze-Dried Salmon, Sweet Potato, Pumpkin, Natural Flavor, Flaxseed, Coconut Oil, Fish Bone Broth, Herring Oil, Dicalcium Phosphate, Calcium Carbonate, Salt, Potassium Chloride, Vitamins (Vitamin A Supplement, Vitamin D3 Supplement, Vitamin E Supplement, Niacin, d-Calcium Pantothenate, Thiamine Mononitrate, Pyridoxine Hydrochloride, Riboflavin, Folic Acid, Biotin, Vitamin B12 Supplement), Minerals (Zinc Proteinate, Iron Proteinate, Copper Proteinate, Manganese Proteinate, Sodium Selenite, Calcium Iodate), Taurine, Choline Chloride, Dried Chicory Root, Dried Kelp, Cranberries, Rosemary Extract, Green Tea Extract, Spearmint Extract","beef,fish",33.0,16.0,7.0,5.0,10.0,1.4,1.1,2.5,0.6,0.1,0.05,430,3838,regular,"ethically-sourced,raw-coated,bone-broth",9.07,129.99,14.33,Open Farm CA,https://cdn.shopify.com/s/files/1/0272/1602/8849/products/PDP-Images-DryDog-RM-Main-2023-TIDE-TERRAIN-GF-FOP.png,https://openfarmpet.ca/products/rawmix-tide-terrain-grain-free-dry-dog-food,2026-03-03
OpenFarm-RawMix-Tide-Terrain-AG,Open Farm,RawMix Ancient Grains,dry,all,all,"Pollock, Salmon, Beef",FALSE,"Alaskan Pollock, Salmon, Beef, Pollock Meal, Salmon Meal, Beef Meal, Steel Cut Oats, Quinoa, Sorghum, Millet, Beef Fat, Freeze-Dried Beef, Freeze-Dried Salmon, Pumpkin, Natural Flavor, Flaxseed, Coconut Oil, Fish Bone Broth, Herring Oil, Dicalcium Phosphate, Calcium Carbonate, Salt, Potassium Chloride, Vitamins (Vitamin A Supplement, Vitamin D3 Supplement, Vitamin E Supplement, Niacin, d-Calcium Pantothenate, Thiamine Mononitrate, Pyridoxine Hydrochloride, Riboflavin, Folic Acid, Biotin, Vitamin B12 Supplement), Minerals (Zinc Proteinate, Iron Proteinate, Copper Proteinate, Manganese Proteinate, Sodium Selenite, Calcium Iodate), Taurine, Choline Chloride, Dried Chicory Root, Dried Kelp, Cranberries, Rosemary Extract, Green Tea Extract, Spearmint Extract","beef,fish,grain",30.0,15.0,7.0,5.0,10.0,1.3,1.0,2.5,0.6,0.1,0.05,418,3729,regular,"ethically-sourced,raw-coated,bone-broth",9.07,124.99,13.78,Open Farm CA,https://cdn.shopify.com/s/files/1/0272/1602/8849/products/PDP-Images-DryDog-RM-Main-2023-TIDE-TERRAIN-AG-FOP.png,https://openfarmpet.ca/products/rawmix-tide-terrain-ancient-grains-dry-dog-food,2026-03-03
OpenFarm-RawMix-Open-Prairie-GF,Open Farm,RawMix Grain-Free,dry,all,all,"Chicken, Turkey",TRUE,"Chicken, Turkey, Chicken Meal, Turkey Meal, Lentils, Chickpeas, Peas, Chicken Fat, Freeze-Dried Chicken, Freeze-Dried Chicken Liver, Freeze-Dried Chicken Heart, Sweet Potato, Pumpkin, Natural Flavor, Flaxseed, Coconut Oil, Chicken Bone Broth, Herring Oil, Dicalcium Phosphate, Calcium Carbonate, Salt, Potassium Chloride, Vitamins (Vitamin A Supplement, Vitamin D3 Supplement, Vitamin E Supplement, Niacin, d-Calcium Pantothenate, Thiamine Mononitrate, Pyridoxine Hydrochloride, Riboflavin, Folic Acid, Biotin, Vitamin B12 Supplement), Minerals (Zinc Proteinate, Iron Proteinate, Copper Proteinate, Manganese Proteinate, Sodium Selenite, Calcium Iodate), Taurine, Choline Chloride, Dried Chicory Root, Dried Kelp, Cranberries, Rosemary Extract, Green Tea Extract, Spearmint Extract","chicken,turkey,fish",33.0,17.0,7.0,5.0,10.0,1.4,1.1,2.5,0.5,0.15,0.1,440,3926,regular,"ethically-sourced,raw-coated,bone-broth",9.07,139.99,15.44,Open Farm CA,https://cdn.shopify.com/s/files/1/0272/1602/8849/products/PDP-Images-DryDog-RM-Main-2023-OPEN-PRAIRIE-GF-FOP.png,https://openfarmpet.ca/products/rawmix-open-prairie-grain-free-dry-dog-food,2026-03-03
OpenFarm-RawMix-Open-Prairie-AG,Open Farm,RawMix Ancient Grains,dry,all,all,"Chicken, Turkey",FALSE,"Chicken, Turkey, Chicken Meal, Turkey Meal, Steel Cut Oats, Quinoa, Sorghum, Millet, Chicken Fat, Freeze-Dried Chicken, Freeze-Dried Chicken Liver, Freeze-Dried Chicken Heart, Pumpkin, Natural Flavor, Flaxseed, Coconut Oil, Chicken Bone Broth, Herring Oil, Dicalcium Phosphate, Calcium Carbonate, Salt, Potassium Chloride, Vitamins (Vitamin A Supplement, Vitamin D3 Supplement, Vitamin E Supplement, Niacin, d-Calcium Pantothenate, Thiamine Mononitrate, Pyridoxine Hydrochloride, Riboflavin, Folic Acid, Biotin, Vitamin B12 Supplement), Minerals (Zinc Proteinate, Iron Proteinate, Copper Proteinate, Manganese Proteinate, Sodium Selenite, Calcium Iodate), Taurine, Choline Chloride, Dried Chicory Root, Dried Kelp, Cranberries, Rosemary Extract, Green Tea Extract, Spearmint Extract","chicken,turkey,fish,grain",30.0,16.0,7.0,5.0,10.0,1.3,1.0,2.5,0.5,0.15,0.1,430,3838,regular,"ethically-sourced,raw-coated,bone-broth",9.07,122.99,13.56,Open Farm CA,https://cdn.shopify.com/s/files/1/0272/1602/8849/products/PDP-Images-DryDog-RM-Main-2023-OPEN-PRAIRIE-AG-FOP.png,https://openfarmpet.ca/products/rawmix-open-prairie-ancient-grains-dry-dog-food,2026-03-03
OpenFarm-RawMix-Large-Breed-AG,Open Farm,RawMix Ancient Grains,dry,all,large,"Salmon, Chicken, Turkey",FALSE,"Salmon, Chicken, Turkey, Salmon Meal, Chicken Meal, Turkey Meal, Steel Cut Oats, Quinoa, Sorghum, Millet, Chicken Fat, Freeze-Dried Salmon, Freeze-Dried Chicken, Pumpkin, Natural Flavor, Flaxseed, Coconut Oil, Bone Broth, Salmon Oil, Glucosamine Hydrochloride, Chondroitin Sulfate, Dicalcium Phosphate, Calcium Carbonate, Salt, Potassium Chloride, Vitamins (Vitamin A Supplement, Vitamin D3 Supplement, Vitamin E Supplement, Niacin, d-Calcium Pantothenate, Thiamine Mononitrate, Pyridoxine Hydrochloride, Riboflavin, Folic Acid, Biotin, Vitamin B12 Supplement), Minerals (Zinc Proteinate, Iron Proteinate, Copper Proteinate, Manganese Proteinate, Sodium Selenite, Calcium Iodate), Taurine, L-Carnitine, Choline Chloride, Dried Chicory Root, Dried Kelp, Cranberries, Rosemary Extract, Green Tea Extract, Spearmint Extract","chicken,turkey,fish,grain",28.0,13.0,7.0,5.0,10.0,1.2,1.0,2.5,0.6,0.1,0.05,390,3481,large,"ethically-sourced,raw-coated,bone-broth,joint-support",9.07,114.99,12.68,Open Farm CA,https://cdn.shopify.com/s/files/1/0272/1602/8849/products/PDP-Images-DryDog-RM-Main-2023-LB-AG-FOP.png,https://openfarmpet.ca/products/rawmix-large-breed-ancient-grains-dry-dog-food,2026-03-03
OpenFarm-RawMix-Large-Breed-GF,Open Farm,RawMix Grain-Free,dry,all,large,"Salmon, Chicken, Turkey",TRUE,"Salmon, Chicken, Turkey, Salmon Meal, Chicken Meal, Turkey Meal, Lentils, Chickpeas, Peas, Chicken Fat, Freeze-Dried Salmon, Freeze-Dried Chicken, Sweet Potato, Pumpkin, Natural Flavor, Flaxseed, Coconut Oil, Bone Broth, Salmon Oil, Glucosamine Hydrochloride, Chondroitin Sulfate, Dicalcium Phosphate, Calcium Carbonate, Salt, Potassium Chloride, Vitamins (Vitamin A Supplement, Vitamin D3 Supplement, Vitamin E Supplement, Niacin, d-Calcium Pantothenate, Thiamine Mononitrate, Pyridoxine Hydrochloride, Riboflavin, Folic Acid, Biotin, Vitamin B12 Supplement), Minerals (Zinc Proteinate, Iron Proteinate, Copper Proteinate, Manganese Proteinate, Sodium Selenite, Calcium Iodate), Taurine, L-Carnitine, Choline Chloride, Dried Chicory Root, Dried Kelp, Cranberries, Rosemary Extract, Green Tea Extract, Spearmint Extract","chicken,turkey,fish",30.0,13.0,7.0,5.0,10.0,1.2,1.0,2.5,0.6,0.1,0.05,390,3481,large,"ethically-sourced,raw-coated,bone-broth,joint-support",9.07,119.99,13.23,Open Farm CA,https://cdn.shopify.com/s/files/1/0272/1602/8849/products/PDP-Images-DryDog-RM-Main-2023-LB-GF-FOP.png,https://openfarmpet.ca/products/rawmix-large-breed-grain-free-dry-dog-food,2026-03-03
OpenFarm-Goodbowl-Chicken-Brown-Rice,Open Farm,Goodbowl,dry,all,all,Chicken,FALSE,"Chicken, Chicken Meal, Brown Rice, Oatmeal, Barley, Chicken Fat, Pumpkin, Natural Flavor, Flaxseed, Coconut Oil, Dicalcium Phosphate, Calcium Carbonate, Salt, Potassium Chloride, Vitamins (Vitamin A Supplement, Vitamin D3 Supplement, Vitamin E Supplement, Niacin, d-Calcium Pantothenate, Thiamine Mononitrate, Pyridoxine Hydrochloride, Riboflavin, Folic Acid, Biotin, Vitamin B12 Supplement), Minerals (Zinc Proteinate, Iron Proteinate, Copper Proteinate, Manganese Proteinate, Sodium Selenite, Calcium Iodate), Taurine, Choline Chloride, Dried Chicory Root, Rosemary Extract","chicken,grain",25.0,14.0,7.0,5.0,10.0,1.1,0.9,2.0,0.4,0.15,0.1,390,3481,regular,"ethically-sourced,oven-baked",9.98,94.99,9.52,Open Farm CA,https://cdn.shopify.com/s/files/1/0272/1602/8849/products/PDP-Images-DryDog-GB-Main-2023-CHICKEN-FOP.png,https://openfarmpet.ca/products/goodbowl-harvest-chicken-brown-rice-dry-dog-food,2026-03-03
OpenFarm-Goodbowl-Beef-Brown-Rice,Open Farm,Goodbowl,dry,all,all,Beef,FALSE,"Beef, Beef Meal, Brown Rice, Oatmeal, Barley, Beef Fat, Pumpkin, Natural Flavor, Flaxseed, Coconut Oil, Dicalcium Phosphate, Calcium Carbonate, Salt, Potassium Chloride, Vitamins (Vitamin A Supplement, Vitamin D3 Supplement, Vitamin E Supplement, Niacin, d-Calcium Pantothenate, Thiamine Mononitrate, Pyridoxine Hydrochloride, Riboflavin, Folic Acid, Biotin, Vitamin B12 Supplement), Minerals (Zinc Proteinate, Iron Proteinate, Copper Proteinate, Manganese Proteinate, Sodium Selenite, Calcium Iodate), Taurine, Choline Chloride, Dried Chicory Root, Rosemary Extract","beef,grain",25.0,14.0,7.0,5.0,10.0,1.1,0.9,2.0,0.4,0.15,0.1,390,3481,regular,"ethically-sourced,oven-baked",9.98,94.99,9.52,Open Farm CA,https://cdn.shopify.com/s/files/1/0272/1602/8849/products/PDP-Images-DryDog-GB-Main-2023-BEEF-FOP.png,https://openfarmpet.ca/products/goodbowl-grass-fed-beef-brown-rice-dry-dog-food,2026-03-03
OpenFarm-Goodbowl-Salmon-Brown-Rice,Open Farm,Goodbowl,dry,all,all,Salmon,FALSE,"Salmon, Salmon Meal, Brown Rice, Oatmeal, Barley, Canola Oil, Pumpkin, Natural Flavor, Flaxseed, Coconut Oil, Dicalcium Phosphate, Calcium Carbonate, Salt, Potassium Chloride, Vitamins (Vitamin A Supplement, Vitamin D3 Supplement, Vitamin E Supplement, Niacin, d-Calcium Pantothenate, Thiamine Mononitrate, Pyridoxine Hydrochloride, Riboflavin, Folic Acid, Biotin, Vitamin B12 Supplement), Minerals (Zinc Proteinate, Iron Proteinate, Copper Proteinate, Manganese Proteinate, Sodium Selenite, Calcium Iodate), Taurine, Choline Chloride, Dried Chicory Root, Rosemary Extract","fish,grain",25.0,14.0,7.0,5.0,10.0,1.1,0.9,2.0,0.6,0.05,0.03,390,3481,regular,"ethically-sourced,oven-baked",9.98,94.99,9.52,Open Farm CA,https://cdn.shopify.com/s/files/1/0272/1602/8849/products/PDP-Images-DryDog-GB-Main-2023-SALMON-FOP.png,https://openfarmpet.ca/products/goodbowl-wild-caught-salmon-brown-rice-dry-dog-food,2026-03-03
OpenFarm-Salmon-Oatmeal-Skin-Coat,Open Farm,Functional,dry,all,all,Salmon,FALSE,"Salmon, Salmon Meal, Oatmeal, Steel Cut Oats, Barley, Canola Oil, Salmon Oil, Pumpkin, Natural Flavor, Flaxseed, Coconut Oil, Biotin, Zinc Sulfate, Dicalcium Phosphate, Calcium Carbonate, Salt, Potassium Chloride, Vitamins (Vitamin A Supplement, Vitamin D3 Supplement, Vitamin E Supplement, Niacin, d-Calcium Pantothenate, Thiamine Mononitrate, Pyridoxine Hydrochloride, Riboflavin, Folic Acid, Biotin, Vitamin B12 Supplement), Minerals (Zinc Proteinate, Iron Proteinate, Copper Proteinate, Manganese Proteinate, Sodium Selenite, Calcium Iodate), Taurine, Choline Chloride, Dried Chicory Root, Dried Kelp, Cranberries, Rosemary Extract, Green Tea Extract, Spearmint Extract","fish,grain",28.0,16.0,7.0,5.0,10.0,1.2,1.0,3.0,1.0,0.15,0.08,410,3659,regular,"ethically-sourced,skin-coat,functional",9.98,114.99,11.52,Open Farm CA,https://cdn.shopify.com/s/files/1/0272/1602/8849/products/PDP-Images-DryDog-FN-Main-2023-SKIN-COAT-FOP.png,https://openfarmpet.ca/products/salmon-oatmeal-skin-coat-health-dry-dog-food,2026-03-03
OpenFarm-Chicken-Whitefish-Healthy-Weight,Open Farm,Functional,dry,adult,all,"Chicken, Whitefish",FALSE,"Chicken, Whitefish, Chicken Meal, Whitefish Meal, Oatmeal, Steel Cut Oats, Barley, Pumpkin, Natural Flavor, Flaxseed, Coconut Oil, L-Carnitine, Herring Oil, Dicalcium Phosphate, Calcium Carbonate, Salt, Potassium Chloride, Vitamins (Vitamin A Supplement, Vitamin D3 Supplement, Vitamin E Supplement, Niacin, d-Calcium Pantothenate, Thiamine Mononitrate, Pyridoxine Hydrochloride, Riboflavin, Folic Acid, Biotin, Vitamin B12 Supplement), Minerals (Zinc Proteinate, Iron Proteinate, Copper Proteinate, Manganese Proteinate, Sodium Selenite, Calcium Iodate), Taurine, Choline Chloride, Dried Chicory Root, Dried Kelp, Cranberries, Rosemary Extract, Green Tea Extract, Spearmint Extract","chicken,fish,grain",28.0,10.0,7.0,7.0,10.0,1.2,1.0,2.0,0.5,0.3,0.2,340,3035,regular,"ethically-sourced,weight-management,functional",9.98,114.99,11.52,Open Farm CA,https://cdn.shopify.com/s/files/1/0272/1602/8849/products/PDP-Images-DryDog-FN-Main-2023-HEALTHY-WEIGHT-FOP.png,https://openfarmpet.ca/products/chicken-whitefish-healthy-weight-dry-dog-food,2026-03-03
OpenFarm-Pollock-Oatmeal-Digestive,Open Farm,Functional,dry,all,all,Pollock,FALSE,"Alaskan Pollock, Pollock Meal, Oatmeal, Steel Cut Oats, Barley, Pumpkin, Natural Flavor, Flaxseed, Coconut Oil, Herring Oil, Dried Bacillus coagulans Fermentation Product, Dried Bacillus subtilis Fermentation Product, Postbiotics (Dried Saccharomyces cerevisiae Fermentation Product), Dicalcium Phosphate, Calcium Carbonate, Salt, Potassium Chloride, Vitamins (Vitamin A Supplement, Vitamin D3 Supplement, Vitamin E Supplement, Niacin, d-Calcium Pantothenate, Thiamine Mononitrate, Pyridoxine Hydrochloride, Riboflavin, Folic Acid, Biotin, Vitamin B12 Supplement), Minerals (Zinc Proteinate, Iron Proteinate, Copper Proteinate, Manganese Proteinate, Sodium Selenite, Calcium Iodate), Taurine, Choline Chloride, Dried Chicory Root, Dried Kelp, Cranberries, Rosemary Extract, Green Tea Extract, Spearmint Extract","fish,grain",27.0,14.0,7.0,5.0,10.0,1.2,1.0,2.5,0.8,0.1,0.05,400,3570,regular,"ethically-sourced,digestive-health,functional,probiotics",9.98,114.99,11.52,Open Farm CA,https://cdn.shopify.com/s/files/1/0272/1602/8849/products/PDP-Images-DryDog-FN-Main-2023-DIGESTIVE-FOP.png,https://openfarmpet.ca/products/pollock-oatmeal-digestive-health-dry-dog-food,2026-03-03
OpenFarm-Epic-Blend-Chicken,Open Farm,Epic Blend,dry,all,all,Chicken,TRUE,"Oven-Baked Chicken Kibble (Chicken, Chicken Meal, Lentils, Chickpeas, Peas, Chicken Fat, Sweet Potato, Pumpkin, Natural Flavor, Flaxseed, Coconut Oil), Air-Dried Chicken Morsels (Chicken, Coconut Glycerin, Flaxseed, Coconut Oil), Chicken Liver Pieces, Dried Bacillus coagulans Fermentation Product, Blueberries, Spinach, Kale, Turmeric, Cranberries, Broccoli, Pumpkin Seeds, Ginger Root, Dried Kelp, Rosemary Extract, Green Tea Extract",chicken,35.0,18.0,7.0,5.0,10.0,1.3,1.0,2.5,0.5,0.15,0.1,450,4016,regular,"ethically-sourced,oven-baked,air-dried,superfood,probiotics",8.16,129.99,15.93,Open Farm CA,https://cdn.shopify.com/s/files/1/0272/1602/8849/products/PDP-Images-DryDog-EB-Main-2023-CHICKEN-FOP.png,https://openfarmpet.ca/products/epic-blend-chicken-superfood-dry-dog-food,2026-03-03
OpenFarm-Epic-Blend-Salmon,Open Farm,Epic Blend,dry,all,all,Salmon,TRUE,"Oven-Baked Salmon Kibble (Salmon, Salmon Meal, Lentils, Chickpeas, Peas, Canola Oil, Sweet Potato, Pumpkin, Natural Flavor, Flaxseed, Coconut Oil), Air-Dried Salmon Morsels (Salmon, Coconut Glycerin, Flaxseed, Coconut Oil), Whitefish Pieces, Dried Bacillus coagulans Fermentation Product, Blueberries, Spinach, Kale, Turmeric, Cranberries, Broccoli, Pumpkin Seeds, Ginger Root, Dried Kelp, Rosemary Extract, Green Tea Extract",fish,35.0,16.0,7.0,5.0,10.0,1.3,1.0,3.0,1.0,0.15,0.08,430,3838,regular,"ethically-sourced,oven-baked,air-dried,superfood,probiotics",8.16,129.99,15.93,Open Farm CA,https://cdn.shopify.com/s/files/1/0272/1602/8849/products/PDP-Images-DryDog-EB-Main-2023-SALMON-FOP.png,https://openfarmpet.ca/products/epic-blend-salmon-superfood-dry-dog-food,2026-03-03
OpenFarm-Epic-Blend-Beef,Open Farm,Epic Blend,dry,all,all,Beef,TRUE,"Oven-Baked Beef Kibble (Beef, Beef Meal, Lentils, Chickpeas, Peas, Beef Fat, Sweet Potato, Pumpkin, Natural Flavor, Flaxseed, Coconut Oil), Air-Dried Beef Morsels (Beef, Coconut Glycerin, Flaxseed, Coconut Oil), Beef Liver Pieces, Dried Bacillus coagulans Fermentation Product, Blueberries, Spinach, Kale, Turmeric, Cranberries, Broccoli, Pumpkin Seeds, Ginger Root, Dried Kelp, Rosemary Extract, Green Tea Extract",beef,35.0,18.0,7.0,5.0,10.0,1.3,1.0,2.5,0.5,0.15,0.1,450,4016,regular,"ethically-sourced,oven-baked,air-dried,superfood,probiotics",8.16,134.99,16.54,Open Farm CA,https://cdn.shopify.com/s/files/1/0272/1602/8849/products/PDP-Images-DryDog-EB-Main-2023-BEEF-FOP.png,https://openfarmpet.ca/products/epic-blend-beef-superfood-dry-dog-food,2026-03-03
OpenFarm-Kind-Earth-Plant-Based,Open Farm,Kind Earth,dry,adult,all,"Plant-Based (Fava Bean, Chickpea)",FALSE,"Sweet Potato, Fava Beans, Chickpeas, Whole Grain Barley, Canola Oil, Pumpkin, Natural Flavor, Flaxseed, Coconut Oil, Dried Yeast, Dicalcium Phosphate, Calcium Carbonate, Salt, Potassium Chloride, L-Lysine, DL-Methionine, Taurine, L-Carnitine, Vitamins (Vitamin A Supplement, Vitamin D2 Supplement, Vitamin E Supplement, Niacin, d-Calcium Pantothenate, Thiamine Mononitrate, Pyridoxine Hydrochloride, Riboflavin, Folic Acid, Biotin, Vitamin B12 Supplement), Minerals (Zinc Proteinate, Iron Proteinate, Copper Proteinate, Manganese Proteinate, Sodium Selenite, Calcium Iodate), Choline Chloride, Dried Chicory Root, Rosemary Extract",grain,22.0,12.0,7.0,6.0,10.0,1.0,0.8,2.0,0.4,0.05,0.03,360,3214,regular,"plant-based,ethically-sourced,vegan",9.07,94.99,10.47,Open Farm CA,https://cdn.shopify.com/s/files/1/0272/1602/8849/products/PDP-Images-DryDog-KE-Main-2023-FOP.png,https://openfarmpet.ca/products/kind-earth-plant-based-dry-dog-food,2026-03-03
OpenFarm-GoodGut-Chicken,Open Farm,GoodGut,dry,all,all,Chicken,FALSE,"Chicken, Chicken Meal, Steel Cut Oats, Quinoa, Sorghum, Millet, Chicken Fat, Freeze-Dried Chicken, Pumpkin, Natural Flavor, Flaxseed, Coconut Oil, Herring Oil, Lifeway Kefir Cultures, Dried Bacillus coagulans Fermentation Product, Dried Bacillus subtilis Fermentation Product, Postbiotics, Dicalcium Phosphate, Calcium Carbonate, Salt, Potassium Chloride, Vitamins (Vitamin A Supplement, Vitamin D3 Supplement, Vitamin E Supplement, Niacin, d-Calcium Pantothenate, Thiamine Mononitrate, Pyridoxine Hydrochloride, Riboflavin, Folic Acid, Biotin, Vitamin B12 Supplement), Minerals (Zinc Proteinate, Iron Proteinate, Copper Proteinate, Manganese Proteinate, Sodium Selenite, Calcium Iodate), Taurine, Choline Chloride, Dried Chicory Root, Dried Kelp, Cranberries, Rosemary Extract, Green Tea Extract, Spearmint Extract","chicken,fish,grain",30.0,16.0,7.0,5.0,10.0,1.3,1.0,2.5,0.5,0.15,0.1,420,3749,regular,"ethically-sourced,probiotics,digestive-health,freeze-dried-raw",8.62,129.99,15.08,Open Farm CA,https://cdn.shopify.com/s/files/1/0272/1602/8849/products/PDP-Images-DryDog-GG-Main-2023-CHICKEN-FOP.png,https://openfarmpet.ca/products/goodgut-harvest-chicken-dog-kibble,2026-03-03
OpenFarm-GoodGut-Salmon,Open Farm,GoodGut,dry,all,all,Salmon,FALSE,"Salmon, Salmon Meal, Steel Cut Oats, Quinoa, Sorghum, Millet, Canola Oil, Freeze-Dried Salmon, Pumpkin, Natural Flavor, Flaxseed, Coconut Oil, Salmon Oil, Lifeway Kefir Cultures, Dried Bacillus coagulans Fermentation Product, Dried Bacillus subtilis Fermentation Product, Postbiotics, Dicalcium Phosphate, Calcium Carbonate, Salt, Potassium Chloride, Vitamins (Vitamin A Supplement, Vitamin D3 Supplement, Vitamin E Supplement, Niacin, d-Calcium Pantothenate, Thiamine Mononitrate, Pyridoxine Hydrochloride, Riboflavin, Folic Acid, Biotin, Vitamin B12 Supplement), Minerals (Zinc Proteinate, Iron Proteinate, Copper Proteinate, Manganese Proteinate, Sodium Selenite, Calcium Iodate), Taurine, Choline Chloride, Dried Chicory Root, Dried Kelp, Cranberries, Rosemary Extract, Green Tea Extract, Spearmint Extract","fish,grain",30.0,15.0,7.0,5.0,10.0,1.3,1.0,2.5,0.8,0.15,0.08,410,3659,regular,"ethically-sourced,probiotics,digestive-health,freeze-dried-raw",8.62,134.99,15.66,Open Farm CA,https://cdn.shopify.com/s/files/1/0272/1602/8849/products/PDP-Images-DryDog-GG-Main-2023-SALMON-FOP.png,https://openfarmpet.ca/products/goodgut-wild-caught-salmon-dog-kibble,2026-03-03
OpenFarm-GoodGut-Beef,Open Farm,GoodGut,dry,all,all,Beef,FALSE,"Beef, Beef Meal, Steel Cut Oats, Quinoa, Sorghum, Millet, Beef Fat, Freeze-Dried Beef, Pumpkin, Natural Flavor, Flaxseed, Coconut Oil, Herring Oil, Lifeway Kefir Cultures, Dried Bacillus coagulans Fermentation Product, Dried Bacillus subtilis Fermentation Product, Postbiotics, Dicalcium Phosphate, Calcium Carbonate, Salt, Potassium Chloride, Vitamins (Vitamin A Supplement, Vitamin D3 Supplement, Vitamin E Supplement, Niacin, d-Calcium Pantothenate, Thiamine Mononitrate, Pyridoxine Hydrochloride, Riboflavin, Folic Acid, Biotin, Vitamin B12 Supplement), Minerals (Zinc Proteinate, Iron Proteinate, Copper Proteinate, Manganese Proteinate, Sodium Selenite, Calcium Iodate), Taurine, Choline Chloride, Dried Chicory Root, Dried Kelp, Cranberries, Rosemary Extract, Green Tea Extract, Spearmint Extract","beef,fish,grain",30.0,16.0,7.0,5.0,10.0,1.3,1.0,2.5,0.5,0.15,0.1,420,3749,regular,"ethically-sourced,probiotics,digestive-health,freeze-dried-raw",8.62,139.99,16.24,Open Farm CA,https://cdn.shopify.com/s/files/1/0272/1602/8849/products/PDP-Images-DryDog-GG-Main-2023-BEEF-FOP.png,https://openfarmpet.ca/products/goodgut-grass-fed-beef-dog-kibble,2026-03-03
Orijen-Amazing-Grains-Original,Orijen,Amazing Grains Original,dry,all,all,"Chicken, Turkey, Herring, Salmon",FALSE,"Fresh chicken (22%), raw turkey (7%), fresh chicken giblets (liver, heart, gizzard) (7%), raw whole herring (7%), raw salmon (7%), dehydrated chicken (7%), dehydrated chicken liver (7%), oat groats, whole millet, raw turkey liver (4%), dehydrated salmon (4%), fresh eggs (4%), chicken fat (4%), whole oats, ground whole flaxseed, dehydrated herring (2%), dehydrated turkey (2%), quinoa seed, chia seed, whitefish oil (1%), inulin, fresh whole pumpkin, fresh whole butternut squash, dried kelp, salt, yeast, fresh whole zucchini, fresh whole carrots, fresh whole apples, fresh whole pears, fresh kale, fresh spinach, fresh beet greens, fresh turnip greens, whole cranberries, whole blueberries, dried chicory root, turmeric, sarsaparilla root, althea root, rosehips, juniper berries","chicken,turkey,fish,egg,grain",38,18,7.5,4,12,1.5,1.1,2.8,0.8,0.2,0.15,449,3980,regular,"high-protein,ancient-grains,freeze-dried-coated,whole-prey",10,109.99,11.00,PetValu.ca,https://www.orijenpetfoods.com/dw/image/v2/BFDW_PRD/on/demandware.static/-/Sites-orijen-na-master-catalog/en_CA/dw7a754bcd/ORIJEN%20Amazing%20Grains/Original/Dog/NS-ORI-AG-PDPs_1000X1000_Original-n.png,https://www.orijenpetfoods.com/en-CA/dogs/dog-food/amazing-grains%2C-original/ns-ori-amazing-grains-original.html,2026-03-03
Orijen-Amazing-Grains-Puppy,Orijen,Amazing Grains Puppy,dry,puppy,all,"Chicken, Herring, Hake, Salmon",FALSE,"Fresh chicken (19%), raw whole herring (7%), raw whole hake (7%), fresh chicken giblets (liver, heart, gizzard) (7%), raw salmon (7%), dehydrated chicken (7%), dehydrated chicken liver (7%), dehydrated herring (7%), oat groats, whole millet, chicken fat (4%), raw turkey (4%), fresh eggs (3%), raw turkey liver (3%), whole oats, dehydrated sardine (2%), quinoa seed, chia seed, whitefish oil (1%), ground whole flaxseed, dried apple fibre, inulin, fresh whole pumpkin, fresh whole butternut squash, dried kelp, salt, yeast, fresh whole zucchini, fresh whole carrots, fresh whole apples, fresh whole pears, fresh kale, fresh spinach, fresh beet greens, fresh turnip greens, whole cranberries, whole blueberries, dried chicory root, turmeric, sarsaparilla root, althea root, rosehips, juniper berries","chicken,turkey,fish,egg,grain",38,20,7.5,4,12,1.4,1.1,3.2,0.9,0.25,0.18,449,4080,regular,"high-protein,ancient-grains,freeze-dried-coated,whole-prey,puppy",10,109.99,11.00,PetValu.ca,https://www.orijenpetfoods.com/dw/image/v2/BFDW_PRD/on/demandware.static/-/Sites-orijen-na-master-catalog/en_CA/dwc9291e83/ORIJEN%20Amazing%20Grains/Puppy/Dog/NS-ORI-AG-PDPs_1000X1000_Puppy-n.png,https://www.orijenpetfoods.com/en-CA/dogs/dog-food/amazing-grains%2C-puppy/ns-ori-amazing-grains-puppy.html,2026-03-03
Orijen-Amazing-Grains-Regional-Red,Orijen,Amazing Grains Regional Red,dry,adult,all,"Beef, Lamb, Pork, Salmon, Herring",FALSE,"Raw beef (16%), raw lamb (7%), raw beef liver (7%), raw pork (7%), raw salmon (7%), dehydrated pollock (7%), dehydrated sardine (7%), dehydrated herring (7%), oat groats, whole millet, raw pork liver (4%), raw whole herring (4%), pork fat (4%), dehydrated beef (4%), whole oats, quinoa seed, chia seed, ground whole flaxseed, sunflower oil, dehydrated pork liver (1%), whitefish oil (1%), raw beef kidney (1%), raw beef tripe (1%), inulin, fresh whole pumpkin, fresh whole butternut squash, dried kelp, yeast, fresh whole zucchini, fresh whole carrots, fresh whole apples, fresh whole pears, fresh kale, fresh spinach, fresh beet greens, fresh turnip greens, whole cranberries, whole blueberries, dried chicory root, turmeric, sarsaparilla root, althea root, rosehips, juniper berries","beef,lamb,pork,fish,grain",38,18,9,4,12,1.8,1.3,2.5,0.8,0.2,0.15,449,3920,regular,"high-protein,ancient-grains,freeze-dried-coated,whole-prey,red-meat",10,119.99,12.00,PetValu.ca,https://www.orijenpetfoods.com/dw/image/v2/BFDW_PRD/on/demandware.static/-/Sites-orijen-na-master-catalog/en_CA/dw56d00f96/ORIJEN%20Amazing%20Grains/Regional%20Red/Dog/NS-ORI-AG-PDPs_1000X1000_Regional%20Red-n.png,https://www.orijenpetfoods.com/en-CA/dogs/dog-food/amazing-grains%2C-regional-red/ns-ori-amazing-grains-regional-red.html,2026-03-03
Orijen-Guardian-8,Orijen,Guardian 8,dry,adult,all,"Chicken, Turkey, Salmon, Herring",TRUE,"Fresh chicken (20%), raw turkey (8%), fresh chicken giblets (liver, heart) (7%), raw salmon (6%), raw whole herring (5%), fresh eggs (5%), raw turkey liver (5%), dehydrated chicken (4%), dehydrated turkey (4%), dehydrated mackerel (4%), dehydrated sardine (4%), dehydrated herring (4%), whole red lentils, chicken fat (3%), whole chickpeas, whole peas, whole green lentils, whole pinto beans, whole navy beans, lentil fibre, pollock oil (1%), pea starch, dried kelp, glucosamine hydrochloride, chondroitin sulfate, New Zealand green mussels, fresh whole pumpkin, fresh whole butternut squash, fresh whole zucchini, fresh whole carrots, fresh whole apples, fresh whole pears, dried chicory root, fresh kale, fresh spinach, fresh beet greens, fresh turnip greens, whole cranberries, whole blueberries, whole saskatoon berries, turmeric, milk thistle, burdock root, lavender, marshmallow root, rosehips","chicken,turkey,fish,egg",38,16,8.5,5,12,1.4,1.1,2.8,1.0,0.3,0.2,427,3750,regular,"high-protein,grain-free,freeze-dried-coated,whole-prey,joint-health,glucosamine,chondroitin",11.4,134.99,11.84,PetValu.ca,https://www.orijenpetfoods.com/dw/image/v2/BFDW_PRD/on/demandware.static/-/Sites-orijen-na-master-catalog/en_CA/ORIJEN%20Dog%20Domestic%202022/ORI%20Guardian%208%20Dog%20Carousel%201000x10002.png,https://www.orijenpetfoods.com/en-CA/dogs/dog-food/guardian-8/ns-ori-guardian8.html,2026-03-03
